kabinett;name;v1org;v1art;v1position;v1beginn;v1ende;v2org;v2art;v2position;v2beginn;v2ende;v3org;v3art;v3position;v3beginn;v3ende;v4org;v4art;v4position;v4beginn;v4ende;tag1;tag2;tag3
Merkel III;Angela Merkel;Bundeskanzleramt;government;Bundeskanzlerin;"17.12.2013";;Bundesregierung;government;Bundeskanzlerin;;;CDU;Mitglied;;;;;;;;;Kabinett Merkel III;Verwaltung;Politik
Merkel III;Helge Braun;Bundeskanzleramt;government;Staatsminister;"17.12.2013";;;;;;;CDU;Mitglied;;;;;;;;;Kabinett Merkel III;Verwaltung;Politik
Merkel III;Monika Grütters;Bundeskanzleramt;government;Parlamentarische Staatssekretärin ;"17.12.2013";;;;;;;CDU;Mitglied;;;;;;;;;Kabinett Merkel III;Verwaltung;Politik
Merkel III;Aydan Özoğuz;Bundeskanzleramt;government;Staatsministerin;"17.12.2013";;;;;;;SPD;Mitglied;;;;;;;;;Kabinett Merkel III;Verwaltung;Politik
Merkel III;Frank-Walter Steinmeier;Auswärtiges Amt;government;Bundesminister des Auswärtigen;"17.12.2013";;;;;;;SPD;Mitglied;;;;;;;;;Kabinett Merkel III;Verwaltung;Politik
Merkel III;Maria Böhmer;Auswärtiges Amt;government;Parlamentarische Staatssekretärin ;"17.12.2013";;;;;;;CDU;Mitglied;;;;;;;;;Kabinett Merkel III;Verwaltung;Politik
Merkel III;Michael Roth;Auswärtiges Amt;government;Parlamentarischer Staatssekretär ;"17.12.2013";;;;;;;SPD;Mitglied;;;;;;;;;Kabinett Merkel III;Verwaltung;Politik
Merkel III;Thomas de Maizière;Bundesministerium des Inneren;government;Bundesminister des Inneren;"17.12.2013";;;;;;;CDU;Mitglied;;;;;;;;;Kabinett Merkel III;Verwaltung;Politik
Merkel III;Günter Krings;Bundesministerium des Inneren;government;Parlamentarischer Staatssekretär ;"17.12.2013";;;;;;;CDU;Mitglied;;;;;;;;;Kabinett Merkel III;Verwaltung;Politik
Merkel III;Ole Schröder;Bundesministerium des Inneren;government;Parlamentarischer Staatssekretär;"17.12.2013";;;;;;;CDU;Mitglied;;;;;;;;;Kabinett Merkel III;Verwaltung;Politik
Merkel III;Heiko Maas;Bundesministerium der Justiz;government;Bundesminister der Justiz;"17.12.2013";;;;;;;SPD;Mitglied;;;;;;;;;Kabinett Merkel III;Verwaltung;Politik
Merkel III;Ulrich Kelber;Bundesministerium der Justiz;government;Parlamentarischer Staatssekretär ;"17.12.2013";;;;;;;SPD;Mitglied;;;;;;;;;Kabinett Merkel III;Verwaltung;Politik
Merkel III;Christian Lange;Bundesministerium der Justiz;government;Parlamentarischer Staatssekretär;"17.12.2013";;;;;;;SPD;Mitglied;;;;;;;;;Kabinett Merkel III;Verwaltung;Politik
Merkel III;Wolfgang Schäuble;Bundesministerium der Finanzen;government;Bundesminister der Finanzen;"17.12.2013";;;;;;;CDU;Mitglied;;;;;;;;;Kabinett Merkel III;Verwaltung;Politik
Merkel III;Steffen Kampeter;Bundesministerium der Finanzen;government;Parlamentarischer Staatssekretär;"17.12.2013";;;;;;;CDU;Mitglied;;;;;;;;;Kabinett Merkel III;Verwaltung;Politik
Merkel III;Michael Meister;Bundesministerium der Finanzen;government;Parlamentarischer Staatssekretär ;"17.12.2013";;;;;;;CDU;Mitglied;;;;;;;;;Kabinett Merkel III;Verwaltung;Politik
Merkel III;Sigmar Gabriel;Bundesministerium für Wirtschaft und Energie;government;Bundesminister für Wirtschaft und Technologie;"17.12.2013";;Bundesregierung;government;Stellvertreter der Bundeskanzlerin;"17.12.2013";;SPD;Mitglied;;;;;;;;;Kabinett Merkel III;Verwaltung;Politik
Merkel III;Uwe Beckmeyer;Bundesministerium für Wirtschaft und Energie;government;Parlamentarischer Staatssekretär;"17.12.2013";;;;;;;SPD;Mitglied;;;;;;;;;Kabinett Merkel III;Verwaltung;Politik
Merkel III;Iris Gleicke;Bundesministerium für Wirtschaft und Energie;government;Parlamentarische Staatssekretärin ;"17.12.2013";;;;;;;SPD;Mitglied;;;;;;;;;Kabinett Merkel III;Verwaltung;Politik
Merkel III;Brigitte Zypries;Bundesministerium für Wirtschaft und Energie;government;Parlamentarische Staatssekretärin ;"17.12.2013";;;;;;;SPD;Mitglied;;;;;;;;;Kabinett Merkel III;Verwaltung;Politik
Merkel III;Andrea Nahles;Bundesministerium für Bundesministerium für Arbeit und Soziales;government;Bundesministerin für Arbeit und Soziales;"17.12.2013";;;;;;;SPD;Mitglied;;;;;;;;;Kabinett Merkel III;Verwaltung;Politik
Merkel III;Anette Kramme;Bundesministerium für Bundesministerium für Arbeit und Soziales;government;Parlamentarische Staatssekretärin ;"17.12.2013";;;;;;;SPD;Mitglied;;;;;;;;;Kabinett Merkel III;Verwaltung;Politik
Merkel III;Gabriele Lösekrug-Möller;Bundesministerium für Bundesministerium für Arbeit und Soziales;government;Parlamentarische Staatssekretärin ;"17.12.2013";;;;;;;SPD;Mitglied;;;;;;;;;Kabinett Merkel III;Verwaltung;Politik
Merkel III;Hans-Peter Friedrich;Bundesministerium für Ernährung, Landwirtschaft und Verbraucherschutz;government;Bundesminister für Ernährung, Landwirtschaft und Verbraucherschutz;"17.12.2013";2/17/14;;;;;;CSU;Mitglied;;;;;;;;;Kabinett Merkel III;Verwaltung;Politik
Merkel III;Peter Bleser;Bundesministerium für Ernährung, Landwirtschaft und Verbraucherschutz;government;Parlamentarischer Staatssekretär ;"17.12.2013";;;;;;;CDU;Mitglied;;;;;;;;;Kabinett Merkel III;Verwaltung;Politik
Merkel III;Maria Flachsbarth;Bundesministerium für Ernährung, Landwirtschaft und Verbraucherschutz;government;Parlamentarische Staatssekretärin ;"17.12.2013";;;;;;;CDU;Mitglied;;;;;;;;;Kabinett Merkel III;Verwaltung;Politik
Merkel III;Christian Schmidt;Bundesministerium für Ernährung, Landwirtschaft und Verbraucherschutz;government;Bundesminister für Ernährung, Landwirtschaft und Verbraucherschutz;2/17/14;;;;;;;CSU;Mitglied;;;;;;;;;Kabinett Merkel III;Verwaltung;Politik
Merkel III;Ursula von der Leyen;Bundesministerium der Verteidigung;government;Bundesministerin der Verteidigung;"17.12.2013";;;;;;;CDU;Mitglied;;;;;;;;;Kabinett Merkel III;Verwaltung;Politik
Merkel III;Ralf Brauksiepe;Bundesministerium der Verteidigung;government;Parlamentarischer Staatssekretär ;"17.12.2013";;;;;;;CDU;Mitglied;;;;;;;;;Kabinett Merkel III;Verwaltung;Politik
Merkel III;Gerd Hoofe;Bundesministerium der Verteidigung;government;Beamter Staatssekretär ;"17.12.2013";;;;;;;;;;;;;;;;;Kabinett Merkel III;Verwaltung;Politik
Merkel III;Markus Grübel;Bundesministerium der Verteidigung;government;Parlamentarischer Staatssekretär ;"17.12.2013";;;;;;;CDU;Mitglied;;;;;;;;;Kabinett Merkel III;Verwaltung;Politik
Merkel III;Manuela Schwesig;Bundesministerium für Familie, Senioren, Frauen und Jugend;government;Bundesministerin für Familie, Senioren, Frauen und Jugend;"17.12.2013";;;;;;;SPD;Mitglied;;;;;;;;;Kabinett Merkel III;Verwaltung;Politik
Merkel III;Elke Ferner;Bundesministerium für Familie, Senioren, Frauen und Jugend;government;Parlamentarische Staatssekretärin ;"17.12.2013";;;;;;;SPD;Mitglied;;;;;;;;;Kabinett Merkel III;Verwaltung;Politik
Merkel III;Caren Marks;Bundesministerium für Familie, Senioren, Frauen und Jugend;government;Parlamentarische Staatssekretärin ;"17.12.2013";;;;;;;SPD;Mitglied;;;;;;;;;Kabinett Merkel III;Verwaltung;Politik
Merkel III;Hermann Gröhe;Bundesministerium für Gesundheit;government;Bundesminister für Gesundheit;"17.12.2013";;;;;;;CDU;Mitglied;;;;;;;;;Kabinett Merkel III;Verwaltung;Politik
Merkel III;Ingrid Fischbach;Bundesministerium für Gesundheit;government;Parlamentarische Staatssekretärin ;"17.12.2013";;;;;;;CDU;Mitglied;;;;;;;;;Kabinett Merkel III;Verwaltung;Politik
Merkel III;Annette Widmann-Mauz;Bundesministerium für Gesundheit;government;Parlamentarische Staatssekretärin ;"17.12.2013";;;;;;;CDU;Mitglied;;;;;;;;;Kabinett Merkel III;Verwaltung;Politik
Merkel III;Alexander Dobrindt;Bundesministerium für Verkehr und digitale Infrastruktur;government;Bundesminister für Verkehr und digitale Infrastruktur;"17.12.2013";;;;;;;CSU;Mitglied;;;;;;;;;Kabinett Merkel III;Verwaltung;Politik
Merkel III;Dorothee Bär;Bundesministerium für Verkehr und digitale Infrastruktur;government;Parlamentarische Staatssekretärin ;"17.12.2013";;;;;;;CSU;Mitglied;;;;;;;;;Kabinett Merkel III;Verwaltung;Politik
Merkel III;Enak Ferlemann;Bundesministerium für Verkehr und digitale Infrastruktur;government;Parlamentarischer Staatssekretär ;"17.12.2013";;;;;;;CDU;Mitglied;;;;;;;;;Kabinett Merkel III;Verwaltung;Politik
Merkel III;Katherina Reiche;Bundesministerium für Verkehr und digitale Infrastruktur;government;Parlamentarische Staatssekretärin ;"17.12.2013";2/4/15;;;;;;CDU;Mitglied;;;;;;;;;Kabinett Merkel III;Verwaltung;Politik
Merkel III;Norbert Barthle;Bundesministerium für Verkehr und digitale Infrastruktur;government;Parlamentarischer Staatssekretär ;"
11.02.2015";;;;;;;CDU;Mitglied;;;;;;;;;Kabinett Merkel III;Verwaltung;Politik
Merkel III;Barbara Hendricks;Bundesministerium für Umwelt, Naturschutz, Bau und Reaktorsicherheit;government;Bundesministerin für Umwelt, Naturschutz, Bau und Reaktorsicherheit;"17.12.2013";;;;;;;SPD;Mitglied;;;;;;;;;Kabinett Merkel III;Verwaltung;Politik
Merkel III;Florian Pronold;Bundesministerium für Umwelt, Naturschutz, Bau und Reaktorsicherheit;government;Parlamentarischer Staatssekretär ;"17.12.2013";;;;;;;SPD;Mitglied;;;;;;;;;Kabinett Merkel III;Verwaltung;Politik
Merkel III;Rita Schwarzelühr-Sutter;Bundesministerium für Umwelt, Naturschutz, Bau und Reaktorsicherheit;government;Parlamentarische Staatssekretärin ;"17.12.2013";;;;;;;SPD;Mitglied;;;;;;;;;Kabinett Merkel III;Verwaltung;Politik
Merkel III;Johanna Wanka;Bundesministerium für Bildung, Wissenschaft, Forschung und Technologie;government;Bundesministerin für Bildung, Wissenschaft, Forschung und Technologie;"17.12.2013";;;;;;;CDU;Mitglied;;;;;;;;;Kabinett Merkel III;Verwaltung;Politik
Merkel III;Stefan Müller;Bundesministerium für Bildung, Wissenschaft, Forschung und Technologie;government;Parlamentarischer Staatssekretär ;"17.12.2013";;;;;;;CSU;Mitglied;;;;;;;;;Kabinett Merkel III;Verwaltung;Politik
Merkel III;Thomas Rachel;Bundesministerium für Bildung, Wissenschaft, Forschung und Technologie;government;Parlamentarischer Staatssekretär ;"17.12.2013";;;;;;;CDU;Mitglied;;;;;;;;;Kabinett Merkel III;Verwaltung;Politik
Merkel III;Gerd Müller;Bundesministerium für wirtschaftliche Zusammenarbeit und Entwicklung;government;Bundesminister für wirtschaftliche Zusammenarbeit und Entwicklung;"17.12.2013";;;;;;;CSU;Mitglied;;;;;;;;;Kabinett Merkel III;Verwaltung;Politik
Merkel III;Hans-Joachim Fuchtel;Bundesministerium für wirtschaftliche Zusammenarbeit und Entwicklung;government;Parlamentarischer Staatssekretär ;"17.12.2013";;;;;;;CDU;Mitglied;;;;;;;;;Kabinett Merkel III;Verwaltung;Politik
Merkel III;Christian Schmidt;Bundesministerium für wirtschaftliche Zusammenarbeit und Entwicklung;government;Parlamentarischer Staatssekretär ;"17.12.2013";2/17/14;;;;;;CSU;Mitglied;;;;;;;;;Kabinett Merkel III;Verwaltung;Politik
Merkel III;Thomas Silberhorn;Bundesministerium für wirtschaftliche Zusammenarbeit und Entwicklung;government;Parlamentarischer Staatssekretär ;2/17/14;;;;;;;CSU;Mitglied;;;;;;;;;Kabinett Merkel III;Verwaltung;Politik
Merkel III;Peter Altmaier;Bundesministerium für besondere Aufgaben;government;Bundesminister für besondere Aufgaben;"17.12.2013";;Bundeskanzleramt;government;Chef des Bundeskanzleramtes;"17.12.2013";;CDU;Mitglied;;;;;;;;;Kabinett Merkel III;Verwaltung;Politik
Merkel II;Angela Merkel;Bundesregierung;government;Bundeskanzlerin;10/28/09;12/17/13;;;;;;CDU;Mitglied;;;;;;;;;Kabinett Merkel II;Verwaltung;Politik
Merkel II;Maria Böhmer;Bundesregierung;government;Parlamentarische Staatssekretärin ;10/28/09;12/17/13;;;;;;CDU;Mitglied;;;;;;;;;Kabinett Merkel II;Verwaltung;Politik
Merkel II;Bernd Neumann;Bundesregierung;government;Parlamentarischer Staatssekretär ;10/28/09;12/17/13;;;;;;CDU;Mitglied;;;;;;;;;Kabinett Merkel II;Verwaltung;Politik
Merkel II;Eckart von Klaeden;Bundesregierung;government;Staatsminister;10/28/09;1/1/13;;;;;;CDU;Mitglied;;;;;;;;;Kabinett Merkel II;Verwaltung;Politik
Merkel II;Guido Westerwelle;Auswärtiges Amt;government;Bundesminister des Auswärtigen;10/28/09;12/17/13;Bundesregierung;government;Stellvertreter der Bundeskanzlerin;10/28/09;5/16/11;FDP;Mitglied;;;;;;;;;Kabinett Merkel II;Verwaltung;Politik
Merkel II;Werner Hoyer;Auswärtiges Amt;government;Staatsminister;10/28/09;12/31/11;;;;;;FDP;Mitglied;;;;;;;;;Kabinett Merkel II;Verwaltung;Politik
Merkel II;Michael Georg Link;Auswärtiges Amt;government;Staatsminister;1/24/12;12/17/13;;;;;;FDP;Mitglied;;;;;;;;;Kabinett Merkel II;Verwaltung;Politik
Merkel II;Cornelia Pieper;Auswärtiges Amt;government;Staatsministerin;11/1/09;12/17/13;;;;;;FDP;Mitglied;;;;;;;;;Kabinett Merkel II;Verwaltung;Politik
Merkel II;Philipp Rösler;Wirtschaft und Technologie;government;Bundesminister für Wirtschaft und Technologie;5/12/11;12/17/13;Bundesregierung;government;Stellvertreter der Bundeskanzlerin;5/16/11;;FDP;Mitglied;;;;Bundesministerium für Gesundheit;government;Bundesminister für Gesundheit;10/28/09;5/12/11;Kabinett Merkel II;Verwaltung;Politik
Merkel II;Thomas de Maizière;Bundesministerium des Inneren;government;Bundesminister des Inneren;10/28/09;3/3/11;Bundesministerium der Verteidigung;government;Bundesminister der Verteidigung;3/3/11;12/17/13;CDU;Mitglied;;;;;;;;;Kabinett Merkel II;Verwaltung;Politik
Merkel II;Christoph Bergner;Bundesministerium des Inneren;government;Parlamentarischer Staatssekretär ;10/28/09;12/17/13;;;;;;CDU;Mitglied;;;;;;;;;Kabinett Merkel II;Verwaltung;Politik
Merkel II;Ole Schröder;Bundesministerium des Inneren;government;Parlamentarischer Staatssekretär ;10/28/09;12/17/13;;;;;;CDU;Mitglied;;;;;;;;;Kabinett Merkel II;Verwaltung;Politik
Merkel II;Hans-Peter Friedrich;Bundesministerium des Inneren;government;Bundesminister des Inneren;3/3/11;12/17/13;Bundesministerium für Ernährung, Landwirtschaft und Verbraucherschutz;government;Bundesminister für Ernährung, Landwirtschaft und Verbraucherschutz (kommissarisch);9/30/13;12/17/13;CSU;Mitglied;;;;;;;;;Kabinett Merkel II;Verwaltung;Politik
Merkel II;Sabine Leutheusser-Schnarrenberger;Bundesministerium der Justiz;government;Bundesministerin der Justiz;10/28/09;12/17/13;;;;;;FDP;Mitglied;;;;;;;;;Kabinett Merkel II;Verwaltung;Politik
Merkel II;Max Stadler;Bundesministerium der Justiz;government;Parlamentarischer Staatssekretär ;10/28/09;5/12/13;;;;;;;;;;;;;;;;Kabinett Merkel II;Verwaltung;Politik
Merkel II;Wolfgang Schäuble;Bundesministerium der Finanzen;government;Bundesminister der Finanzen;10/28/09;12/17/13;;;;;;CDU;Mitglied;;;;;;;;;Kabinett Merkel II;Verwaltung;Politik
Merkel II;Steffen Kampeter;Bundesministerium der Finanzen;government;Parlamentarischer Staatssekretär ;10/28/09;12/17/13;;;;;;CDU;Mitglied;;;;;;;;;Kabinett Merkel II;Verwaltung;Politik
Merkel II;Hartmut Koschyk;Bundesministerium der Finanzen;government;Parlamentarischer Staatssekretär ;10/28/09;12/17/13;;;;;;CSU;Mitglied;;;;;;;;;Kabinett Merkel II;Verwaltung;Politik
Merkel II;Rainer Brüderle;Bundesministerium für Wirtschaft und Technologie;government;Bundesminister für Wirtschaft und Technologie;10/28/09;5/12/11;;;;;;FDP;Mitglied;;;;;;;;;Kabinett Merkel II;Verwaltung;Politik
Merkel II;Peter Hintze;Bundesministerium für Wirtschaft und Technologie;government;Parlamentarischer Staatssekretär ;10/28/09;12/17/13;;;;;;CDU;Mitglied;;;;;;;;;Kabinett Merkel II;Verwaltung;Politik
Merkel II;Hans-Joachim Otto;Bundesministerium für Wirtschaft und Technologie;government;Parlamentarischer Staatssekretär ;10/28/09;12/17/13;;;;;;FDP;Mitglied;;;;;;;;;Kabinett Merkel II;Verwaltung;Politik
Merkel II;Ernst Burgbacher;Bundesministerium für Wirtschaft und Technologie;government;Parlamentarischer Staatssekretär ;10/28/09;12/17/13;;;;;;FDP;Mitglied;;;;;;;;;Kabinett Merkel II;Verwaltung;Politik
Merkel II;Franz Josef Jung;Bundesministerium für Arbeit und Soziales;government;Bundesminister für Arbeit und Soziales;10/29/09;11/30/09;;;;;;CDU;Mitglied;;;;;;;;;Kabinett Merkel II;Verwaltung;Politik
Merkel II;Hans-Joachim Fuchtel;Bundesministerium für Arbeit und Soziales;government;Parlamentarischer Staatssekretär ;10/30/09;12/17/13;;;;;;CDU;Mitglied;;;;;;;;;Kabinett Merkel II;Verwaltung;Politik
Merkel II;Ralf Brauksiepe;Bundesministerium für Arbeit und Soziales;government;Parlamentarischer Staatssekretär ;10/31/09;12/17/13;;;;;;CDU;Mitglied;;;;;;;;;Kabinett Merkel II;Verwaltung;Politik
Merkel II;Ursula von der Leyen;Bundesministerium für Arbeit und Soziales;government;Bundesministerin für Arbeit und Soziales;11/30/09;12/17/13;Bundesministerium für Familie, Senioren, Frauen und Jugend;government;Bundesministerin für Familie, Senioren, Frauen und Jugend;10/28/09;11/30/09;CDU;Mitglied;;;;;;;;;Kabinett Merkel II;Verwaltung;Politik
Merkel II;Ilse Aigner;Bundesministerium für Ernährung, Landwirtschaft und Verbraucherschutz;government;Bundesministerin für Ernährung, Landwirtschaft und Verbraucherschutz;10/28/09;9/30/13;;;;;;CSU;Mitglied;;;;;;;;;Kabinett Merkel II;Verwaltung;Politik
Merkel II;Gerd Müller;Bundesministerium für Ernährung, Landwirtschaft und Verbraucherschutz;government;Parlamentarischer Staatssekretär ;10/28/09;12/17/13;;;;;;CDU;Mitglied;;;;;;;;;Kabinett Merkel II;Verwaltung;Politik
Merkel II;Julia Klöckner;Bundesministerium für Ernährung, Landwirtschaft und Verbraucherschutz;government;Parlamentarische Staatssekretärin ;10/28/09;2/15/11;;;;;;CDU;Mitglied;;;;;;;;;Kabinett Merkel II;Verwaltung;Politik
Merkel II;Peter Bleser;Bundesministerium für Ernährung, Landwirtschaft und Verbraucherschutz;government;Parlamentarischer Staatssekretär ;10/28/09;2/15/11;;;;;;CSU;Mitglied;;;;;;;;;Kabinett Merkel II;Verwaltung;Politik
Merkel II;Karl-Theodor zu Guttenberg;Bundesministerium der Verteidigung;government;Bundesminister der Verteidigung;10/28/09;3/3/11;;;;;;CSU;Mitglied;;;;;;;;;Kabinett Merkel II;Verwaltung;Politik
Merkel II;Christian Schmidt;Bundesministerium der Verteidigung;government;Parlamentarischer Staatssekretär ;10/28/09;12/17/13;;;;;;CSU;Mitglied;;;;;;;;;Kabinett Merkel II;Verwaltung;Politik
Merkel II;Thomas Kossendey;Bundesministerium der Verteidigung;government;Parlamentarischer Staatssekretär ;1/1/06;12/17/13;;;;;;CDU;Mitglied;;;;;;;;;Kabinett Merkel II;Verwaltung;Politik
Merkel II;Hermann Kues;Bundesministerium für Familie, Senioren, Frauen und Jugend;government;Parlamentarischer Staatssekretär ;10/28/09;12/17/13;;;;;;CDU;Mitglied;;;;;;;;;Kabinett Merkel II;Verwaltung;Politik
Merkel II;Kristina Schröder ;Bundesministerium für Familie, Senioren, Frauen und Jugend;government;Bundesministerin für Familie, Senioren, Frauen und Jugend;11/30/09;12/17/13;;;;;;CDU;Mitglied;;;;;;;;;Kabinett Merkel II;Verwaltung;Politik
Merkel II;Annette Widmann-Mauz;Bundesministerium für Gesundheit;government;Parlamentarische Staatssekretärin ;10/29/09;12/17/13;;;;;;CDU;Mitglied;;;;;;;;;Kabinett Merkel II;Verwaltung;Politik
Merkel II;Daniel Bahr;Bundesministerium für Gesundheit;government;Parlamentarischer Staatssekretär ;10/30/09;5/12/11;Bundesministerium für Gesundheit;government;Bundesminister für Gesundheit;5/12/11;12/17/13;FDP;Mitglied;;;;;;;;;Kabinett Merkel II;Verwaltung;Politik
Merkel II;Ulrike Flach;Bundesministerium für Gesundheit;government;Parlamentarische Staatssekretärin ;10/31/09;5/12/11;;;;;;FDP;Mitglied;;;;;;;;;Kabinett Merkel II;Verwaltung;Politik
Merkel II;Peter Ramsauer;Bundesministerium für Verkehr, Bau und Stadtentwicklung;government;Bundesminister für Verkehr, Bau und Stadtentwicklung;10/28/09;12/17/13;;;;;;CSU;Mitglied;;;;;;;;;Kabinett Merkel II;Verwaltung;Politik
Merkel II;Enak Ferlemann;Bundesministerium für Verkehr, Bau und Stadtentwicklung;government;Parlamentarischer Staatssekretär ;10/29/09;12/17/13;;;;;;CDU;Mitglied;;;;;;;;;Kabinett Merkel II;Verwaltung;Politik
Merkel II;Andreas Scheuer;Bundesministerium für Verkehr, Bau und Stadtentwicklung;government;Parlamentarischer Staatssekretär ;10/30/09;12/17/13;;;;;;CSU;Mitglied;;;;;;;;;Kabinett Merkel II;Verwaltung;Politik
Merkel II;Jan Mücke;Bundesministerium für Verkehr, Bau und Stadtentwicklung;government;Parlamentarischer Staatssekretär ;10/31/09;12/20/13;;;;;;FDP;Mitglied;;;;;;;;;Kabinett Merkel II;Verwaltung;Politik
Merkel II;Norbert Röttgen;Bundesministerium für Umwelt, Naturschutz und Reaktorsicherheit;government;Bundesminister für Umwelt, Naturschutz und Reaktorsicherheit;10/28/09;5/22/12;;;;;;CDU;Mitglied;;;;;;;;;Kabinett Merkel II;Verwaltung;Politik
Merkel II;Ursula Heinen-Esser;Bundesministerium für Umwelt, Naturschutz und Reaktorsicherheit;government;Parlamentarische Staatssekretärin ;10/28/09;12/17/13;;;;;;CDU;Mitglied;;;;;;;;;Kabinett Merkel II;Verwaltung;Politik
Merkel II;Katherina Reiche;Bundesministerium für Umwelt, Naturschutz und Reaktorsicherheit;government;Parlamentarische Staatssekretärin ;10/28/09;12/17/13;;;;;;CDU;Mitglied;;;;;;;;;Kabinett Merkel II;Verwaltung;Politik
Merkel II;Peter Altmaier;Bundesministerium für Umwelt, Naturschutz und Reaktorsicherheit;government;Bundesminister für Umwelt, Naturschutz und Reaktorsicherheit;5/22/12;12/17/13;;;;;;CDU;Mitglied;;;;;;;;;Kabinett Merkel II;Verwaltung;Politik
Merkel II;Annette Schavan;Bundesministerium für Bildung, Wissenschaft, Forschung und Technologie;government;Bundesministerin für Bildung, Wissenschaft, Forschung und Technologie;10/28/09;2/14/13;;;;;;CDU;Mitglied;;;;;;;;;Kabinett Merkel II;Verwaltung;Politik
Merkel II;Helge Braun;Bundesministerium für Bildung, Wissenschaft, Forschung und Technologie;government;Parlamentarischer Staatssekretär ;10/28/09;12/17/13;;;;;;CDU;Mitglied;;;;;;;;;Kabinett Merkel II;Verwaltung;Politik
Merkel II;Thomas Rachel;Bundesministerium für Bildung, Wissenschaft, Forschung und Technologie;government;Parlamentarischer Staatssekretär ;10/28/09;12/17/13;;;;;;CDU;Mitglied;;;;;;;;;Kabinett Merkel II;Verwaltung;Politik
Merkel II;Johanna Wanka;Bundesministerium für Bildung, Wissenschaft, Forschung und Technologie;government;Bundesministerin für Bildung, Wissenschaft, Forschung und Technologie;2/14/13;12/17/13;;;;;;CDU;Mitglied;;;;;;;;;Kabinett Merkel II;Verwaltung;Politik
Merkel II;Dirk Niebel;Bundesministerium für wirtschaftliche Zusammenarbeit und Entwicklung;government;Bundesminister für wirtschaftliche Zusammenarbeit und Entwicklung;10/28/09;12/17/13;;;;;;FDP;Mitglied;;;;;;;;;Kabinett Merkel II;Verwaltung;Politik
Merkel II;Gudrun Kopp;Bundesministerium für wirtschaftliche Zusammenarbeit und Entwicklung;government;Parlamentarische Staatssekretärin ;10/28/09;12/17/13;;;;;;FDP;Mitglied;;;;;;;;;Kabinett Merkel II;Verwaltung;Politik
Merkel II;Ronald Pofalla;Bundesministerium für besondere Aufgaben;government;Bundesminister für besondere Aufgaben;10/28/09;12/17/13;Bundeskanzleramt;government;Chef des Bundeskanzleramtes;10/28/09;12/17/13;CDU;Mitglied;;;;;;;;;Kabinett Merkel II;Verwaltung;Politik
Merkel I;Angela Merkel;Bundesregierung;government;Bundeskanzlerin;11/22/05;10/28/09;;;;;;CDU;Mitglied;;;;;;;;;Kabinett Merkel I;Verwaltung;Politik
Merkel I;Maria Böhmer;Bundesregierung;government;Parlamentarische Staatssekretärin ;11/22/05;10/28/09;;;;;;CDU;Mitglied;;;;;;;;;Kabinett Merkel I;Verwaltung;Politik
Merkel I;Bernd Neumann;Bundesregierung;government;Parlamentarischer Staatssekretär ;11/22/05;10/28/09;;;;;;CDU;Mitglied;;;;;;;;;Kabinett Merkel I;Verwaltung;Politik
Merkel I;Hildegard Müller;Bundesregierung;government;Parlamentarische Staatssekretärin ;11/22/05;9/30/08;;;;;;CDU;Mitglied;;;;;;;;;Kabinett Merkel I;Verwaltung;Politik
Merkel I;Hermann Gröhe;Bundesregierung;government;Parlamentarischer Staatssekretär ;10/1/08;10/28/09;;;;;;CDU;Mitglied;;;;;;;;;Kabinett Merkel I;Verwaltung;Politik
Merkel I;Franz Müntefering;Bundesministerium für Arbeit und Soziales;government;Bundesminister für Arbeit und Soziales;11/22/05;11/21/07;Bundesregierung;government;Stellvertreter der Bundeskanzlerin;11/22/05;11/21/07;SPD;Mitglied;;;;;;;;;Kabinett Merkel I;Verwaltung;Politik
Merkel I;Frank-Walter Steinmeier;Auswärtiges Amt;government;Bundesminister des Auswärtigen;11/22/05;10/28/09;Bundesregierung;government;Stellvertreter der Bundeskanzlerin;11/21/07;;SPD;Mitglied;;;;;;;;;Kabinett Merkel I;Verwaltung;Politik
Merkel I;Gernot Erler;Auswärtiges Amt;government;Staatsminister;11/22/05;10/28/09;;;;;;SPD;Mitglied;;;;;;;;;Kabinett Merkel I;Verwaltung;Politik
Merkel I;Günter Gloser;Auswärtiges Amt;government;Staatsminister;11/22/05;10/28/09;;;;;;SPD;Mitglied;;;;;;;;;Kabinett Merkel I;Verwaltung;Politik
Merkel I;Wolfgang Schäuble;Bundesministerium des Inneren;government;Bundesminister des Inneren;11/22/05;10/28/09;;;;;;CDU;Mitglied;;;;;;;;;Kabinett Merkel I;Verwaltung;Politik
Merkel I;Peter Altmaier;Bundesministerium des Inneren;government;Parlamentarischer Staatssekretär ;11/22/05;10/28/09;;;;;;CDU;Mitglied;;;;;;;;;Kabinett Merkel I;Verwaltung;Politik
Merkel I;Christoph Bergner;Bundesministerium des Inneren;government;Parlamentarischer Staatssekretär ;11/22/05;10/28/09;;;;;;CDU;Mitglied;;;;;;;;;Kabinett Merkel I;Verwaltung;Politik
Merkel I;Brigitte Zypries;Bundesministerium der Justiz;government;Bundesministerin der Justiz;11/22/05;10/28/09;;;;;;SPD;Mitglied;;;;;;;;;Kabinett Merkel I;Verwaltung;Politik
Merkel I;Alfred Hartenbach;Bundesministerium der Justiz;government;Parlamentarischer Staatssekretär ;11/22/05;10/28/09;;;;;;SPD;Mitglied;;;;;;;;;Kabinett Merkel I;Verwaltung;Politik
Merkel I;Peer Steinbrück;Bundesministerium der Finanzen;government;Bundesminister der Finanzen;11/22/05;10/28/09;;;;;;SPD;Mitglied;;;;;;;;;Kabinett Merkel I;Verwaltung;Politik
Merkel I;Karl Diller;Bundesministerium der Finanzen;government;Parlamentarischer Staatssekretär ;11/22/05;10/28/09;;;;;;SPD;Mitglied;;;;;;;;;Kabinett Merkel I;Verwaltung;Politik
Merkel I;Barbara Hendricks;Bundesministerium der Finanzen;government;Parlamentarische Staatssekretärin ;11/22/05;11/16/07;;;;;;SPD;Mitglied;;;;;;;;;Kabinett Merkel I;Verwaltung;Politik
Merkel I;Nicolette Kressl;Bundesministerium der Finanzen;government;Parlamentarische Staatssekretärin ;11/17/07;10/28/09;;;;;;SPD;Mitglied;;;;;;;;;Kabinett Merkel I;Verwaltung;Politik
Merkel I;Michael Glos;Bundesministerium für Wirtschaft und Technologie;government;Bundesminister für Wirtschaft und Technologie;11/22/05;2/10/09;;;;;;CSU;Mitglied;;;;;;;;;Kabinett Merkel I;Verwaltung;Politik
Merkel I;Peter Hintze;Bundesministerium für Wirtschaft und Technologie;government;Parlamentarischer Staatssekretär ;11/22/05;10/28/09;;;;;;CDU;Mitglied;;;;;;;;;Kabinett Merkel I;Verwaltung;Politik
Merkel I;Hartmut Schauerte;Bundesministerium für Wirtschaft und Technologie;government;Parlamentarischer Staatssekretär ;11/22/05;10/28/09;;;;;;CDU;Mitglied;;;;;;;;;Kabinett Merkel I;Verwaltung;Politik
Merkel I;Dagmar Wöhrl;Bundesministerium für Wirtschaft und Technologie;government;Parlamentarische Staatssekretärin ;11/22/05;10/28/09;;;;;;CSU;Mitglied;;;;;;;;;Kabinett Merkel I;Verwaltung;Politik
Merkel I;Karl-Theodor zu Guttenberg;Bundesministerium für Wirtschaft und Technologie;government;Bundesminister für Wirtschaft und Technologie;2/10/09;10/28/09;;;;;;CSU;Mitglied;;;;;;;;;Kabinett Merkel I;Verwaltung;Politik
Merkel I;Franz Thönnes;Bundesministerium für Arbeit und Soziales;government;Parlamentarischer Staatssekretär ;11/22/05;10/28/09;;;;;;SPD;Mitglied;;;;;;;;;Kabinett Merkel I;Verwaltung;Politik
Merkel I;Gerd Andres;Bundesministerium für Arbeit und Soziales;government;Parlamentarischer Staatssekretär ;11/22/05;11/21/07;;;;;;SPD;Mitglied;;;;;;;;;Kabinett Merkel I;Verwaltung;Politik
Merkel I;Klaus Brandner;Bundesministerium für Arbeit und Soziales;government;Parlamentarischer Staatssekretär ;11/21/07;10/28/09;;;;;;SPD;Mitglied;;;;;;;;;Kabinett Merkel I;Verwaltung;Politik
Merkel I;Olaf Scholz;Bundesministerium für Arbeit und Soziales;government;Bundesminister für Arbeit und Soziales;11/21/07;10/28/09;;;;;;SPD;Mitglied;;;;;;;;;Kabinett Merkel I;Verwaltung;Politik
Merkel I;Horst Seehofer;Bundesministerium für Ernährung, Landwirtschaft und Verbraucherschutz;government;Bundesminister für Ernährung, Landwirtschaft und Verbraucherschutz;11/22/05;10/27/08;;;;;;CSU;Mitglied;;;;;;;;;Kabinett Merkel I;Verwaltung;Politik
Merkel I;Ilse Aigner;Bundesministerium für Ernährung, Landwirtschaft und Verbraucherschutz;government;Bundesministerin für Ernährung, Landwirtschaft und Verbraucherschutz;10/31/08;10/28/09;;;;;;CSU;Mitglied;;;;;;;;;Kabinett Merkel I;Verwaltung;Politik
Merkel I;Gerd Müller;Bundesministerium für Ernährung, Landwirtschaft und Verbraucherschutz;government;Parlamentarischer Staatssekretär ;11/22/05;10/28/09;;;;;;CSU;Mitglied;;;;;;;;;Kabinett Merkel I;Verwaltung;Politik
Merkel I;Peter Paziorek;Bundesministerium für Ernährung, Landwirtschaft und Verbraucherschutz;government;Parlamentarischer Staatssekretär ;11/22/05;10/28/09;;;;;;CDU;Mitglied;;;;;;;;;Kabinett Merkel I;Verwaltung;Politik
Merkel I;Ursula Heinen;Bundesministerium für Ernährung, Landwirtschaft und Verbraucherschutz;government;Parlamentarische Staatssekretärin ;11/22/05;10/28/09;;;;;;CDU;Mitglied;;;;;;;;;Kabinett Merkel I;Verwaltung;Politik
Merkel I;Franz Josef Jung;Bundesministerium der Verteidigung;government;Bundesminister der Verteidigung;11/22/05;10/28/09;;;;;;CDU;Mitglied;;;;;;;;;Kabinett Merkel I;Verwaltung;Politik
Merkel I;Christian Schmidt;Bundesministerium der Verteidigung;government;Parlamentarischer Staatssekretär ;11/22/05;10/28/09;;;;;;CSU;Mitglied;;;;;;;;;Kabinett Merkel I;Verwaltung;Politik
Merkel I;Friedbert Pflüger;Bundesministerium der Verteidigung;government;Parlamentarischer Staatssekretär ;11/22/05;10/27/06;;;;;;CDU;Mitglied;;;;;;;;;Kabinett Merkel I;Verwaltung;Politik
Merkel I;Thomas Kossendey;Bundesministerium der Verteidigung;government;Parlamentarischer Staatssekretär ;10/27/06;10/28/09;;;;;;CDU;Mitglied;;;;;;;;;Kabinett Merkel I;Verwaltung;Politik
Merkel I;Ursula von der Leyen;Bundesministerium für Familie, Senioren, Frauen und Jugend;government;Bundesministerin für Familie, Senioren, Frauen und Jugend;11/22/05;10/28/09;;;;;;CDU;Mitglied;;;;;;;;;Kabinett Merkel I;Verwaltung;Politik
Merkel I;Hermann Kues;Bundesministerium für Familie, Senioren, Frauen und Jugend;government;Parlamentarischer Staatssekretär ;11/22/05;10/28/09;;;;;;CDU;Mitglied;;;;;;;;;Kabinett Merkel I;Verwaltung;Politik
Merkel I;Ulla Schmidt;Bundesministerium für Gesundheit;government;Bundesministerin für Gesundheit;11/22/05;10/28/09;;;;;;SPD;Mitglied;;;;;;;;;Kabinett Merkel I;Verwaltung;Politik
Merkel I;Marion Caspers-Merk;Bundesministerium für Gesundheit;government;Parlamentarische Staatssekretärin ;11/22/05;10/28/09;;;;;;SPD;Mitglied;;;;;;;;;Kabinett Merkel I;Verwaltung;Politik
Merkel I;Rolf Schwanitz;Bundesministerium für Gesundheit;government;Parlamentarischer Staatssekretär ;11/22/05;10/28/09;;;;;;SPD;Mitglied;;;;;;;;;Kabinett Merkel I;Verwaltung;Politik
Merkel I;Wolfgang Tiefensee;Bundesministerium für Verkehr, Bau und Stadtentwicklung;government;Bundesminister für Verkehr, Bau und Stadtentwicklung;11/22/05;10/28/09;;;;;;SPD;Mitglied;;;;;;;;;Kabinett Merkel I;Verwaltung;Politik
Merkel I;Achim Großmann;Bundesministerium für Verkehr, Bau und Stadtentwicklung;government;Parlamentarischer Staatssekretär ;11/22/05;10/28/09;;;;;;SPD;Mitglied;;;;;;;;;Kabinett Merkel I;Verwaltung;Politik
Merkel I;Ulrich Kasparick;Bundesministerium für Verkehr, Bau und Stadtentwicklung;government;Parlamentarischer Staatssekretär ;11/22/05;10/28/09;;;;;;SPD;Mitglied;;;;;;;;;Kabinett Merkel I;Verwaltung;Politik
Merkel I;Karin Roth;Bundesministerium für Verkehr, Bau und Stadtentwicklung;government;Parlamentarische Staatssekretärin ;11/22/05;10/28/09;;;;;;SPD;Mitglied;;;;;;;;;Kabinett Merkel I;Verwaltung;Politik
Merkel I;Sigmar Gabriel;Bundesministerium für Umwelt, Naturschutz und Reaktorsicherheit;government;Bundesminister für Umwelt, Naturschutz und Reaktorsicherheit;11/22/05;10/28/09;;;;;;SPD;Mitglied;;;;;;;;;Kabinett Merkel I;Verwaltung;Politik
Merkel I;Astrid Klug;Bundesministerium für Umwelt, Naturschutz und Reaktorsicherheit;government;Parlamentarische Staatssekretärin ;11/22/05;10/28/09;;;;;;SPD;Mitglied;;;;;;;;;Kabinett Merkel I;Verwaltung;Politik
Merkel I;Michael Müller;Bundesministerium für Umwelt, Naturschutz und Reaktorsicherheit;government;Parlamentarischer Staatssekretär ;11/22/05;10/28/09;;;;;;SPD;Mitglied;;;;;;;;;Kabinett Merkel I;Verwaltung;Politik
Merkel I;Annette Schavan;Bundesministerium für Bildung, Wissenschaft, Forschung und Technologie;government;Bundesministerin für Bildung, Wissenschaft, Forschung und Technologie;11/22/05;10/28/09;;;;;;CDU;Mitglied;;;;;;;;;Kabinett Merkel I;Verwaltung;Politik
Merkel I;Thomas Rachel;Bundesministerium für Bildung, Wissenschaft, Forschung und Technologie;government;Parlamentarischer Staatssekretär ;11/22/05;10/28/09;;;;;;CDU;Mitglied;;;;;;;;;Kabinett Merkel I;Verwaltung;Politik
Merkel I;Andreas Storm;Bundesministerium für Bildung, Wissenschaft, Forschung und Technologie;government;Parlamentarischer Staatssekretär ;11/22/05;10/28/09;;;;;;CDU;Mitglied;;;;;;;;;Kabinett Merkel I;Verwaltung;Politik
Merkel I;Heidemarie Wieczorek-Zeul;Bundesministerium für wirtschaftliche Zusammenarbeit und Entwicklung;government;Bundesministerin für wirtschaftliche Zusammenarbeit und Entwicklung;11/22/05;10/28/09;;;;;;SPD;Mitglied;;;;;;;;;Kabinett Merkel I;Verwaltung;Politik
Merkel I;Karin Kortmann;Bundesministerium für wirtschaftliche Zusammenarbeit und Entwicklung;government;Parlamentarische Staatssekretärin ;11/22/05;10/28/09;;;;;;SPD;Mitglied;;;;;;;;;Kabinett Merkel I;Verwaltung;Politik
Merkel I;Thomas de Maizière;Bundesministerium für besondere Aufgaben;government;Bundesminister für besondere Aufgaben;11/22/05;10/28/09;Bundeskanzleramt;government;Chef des Bundeskanzleramtes;11/22/05;10/28/09;CDU;Mitglied;;;;;;;;;Kabinett Merkel I;Verwaltung;Politik
Schröder II;Gerhard Schröder;Bundeskanzleramt;government;Bundeskanzler;10/22/02;10/18/05;;;;;;SPD;Mitglied;;;;;;;;;Kabinett Schröder II;Verwaltung;Politik
Schröder II;Rolf Schwanitz;Bundeskanzleramt;government;Parlamentarischer Staatssekretär ;10/22/02;10/18/05;;;;;;SPD;Mitglied;;;;;;;;;Kabinett Schröder II;Verwaltung;Politik
Schröder II;Christina Weiss;Bundeskanzleramt;government;Staatsministerin;10/22/02;10/18/05;;;;;;SPD;Mitglied;;;;;;;;;Kabinett Schröder II;Verwaltung;Politik
Schröder II;Joseph Fischer;Auswärtiges Amt;government;Bundesminister des Auswärtigen;10/22/02;10/18/05;Bundeskanzleramt;government;Stellvertreter des Bundeskanzlers;;;Grüne;Mitglied;;;;;;;;;Kabinett Schröder II;Verwaltung;Politik
Schröder II;Hans Martin Bury;Auswärtiges Amt;government;Staatsminister;10/22/02;10/18/05;;;;;;SPD;Mitglied;;;;;;;;;Kabinett Schröder II;Verwaltung;Politik
Schröder II;Kerstin Müller;Auswärtiges Amt;government;Staatsministerin;10/22/02;10/18/05;;;;;;Grüne;Mitglied;;;;;;;;;Kabinett Schröder II;Verwaltung;Politik
Schröder II;Otto Schily;Bundesministerium des Inneren;government;Bundesminister des Inneren;10/22/02;10/18/05;;;;;;SPD;Mitglied;;;;;;;;;Kabinett Schröder II;Verwaltung;Politik
Schröder II;Fritz Rudolf Körper;Bundesministerium des Inneren;government;Parlamentarischer Staatssekretär ;10/22/02;10/18/05;;;;;;SPD;Mitglied;;;;;;;;;Kabinett Schröder II;Verwaltung;Politik
Schröder II;Ute Vogt;Bundesministerium des Inneren;government;Parlamentarische Staatssekretärin ;10/22/02;10/18/05;;;;;;SPD;Mitglied;;;;;;;;;Kabinett Schröder II;Verwaltung;Politik
Schröder II;Brigitte Zypries;Bundesministerium der Justiz;government;Bundesministerin der Justiz;10/22/02;10/18/05;;;;;;SPD;Mitglied;;;;;;;;;Kabinett Schröder II;Verwaltung;Politik
Schröder II;Alfred Hartenbach;Bundesministerium der Justiz;government;Parlamentarischer Staatssekretär ;10/22/02;10/18/05;;;;;;SPD;Mitglied;;;;;;;;;Kabinett Schröder II;Verwaltung;Politik
Schröder II;Hans Eichel;Bundesministerium der Finanzen;government;Bundesminister der Finanzen;10/22/02;10/18/05;;;;;;SPD;Mitglied;;;;;;;;;Kabinett Schröder II;Verwaltung;Politik
Schröder II;Karl Diller;Bundesministerium der Finanzen;government;Parlamentarischer Staatssekretär ;10/22/02;10/18/05;;;;;;SPD;Mitglied;;;;;;;;;Kabinett Schröder II;Verwaltung;Politik
Schröder II;Barbara Hendricks;Bundesministerium der Finanzen;government;Parlamentarische Staatssekretärin ;10/22/02;10/18/05;;;;;;SPD;Mitglied;;;;;;;;;Kabinett Schröder II;Verwaltung;Politik
Schröder II;Wolfgang Clement;Bundesministerium für Wirtschaft und Arbeit;government;Bundesminister für Wirtschaft und Arbeit;10/22/02;10/18/05;;;;;;SPD;Mitglied;;;;;;;;;Kabinett Schröder II;Verwaltung;Politik
Schröder II;Gerd Andres;Bundesministerium für Wirtschaft und Arbeit;government;Parlamentarischer Staatssekretär ;10/22/02;10/18/05;;;;;;SPD;Mitglied;;;;;;;;;Kabinett Schröder II;Verwaltung;Politik
Schröder II;Ditmar Staffelt;Bundesministerium für Wirtschaft und Arbeit;government;Parlamentarischer Staatssekretär ;10/22/02;10/18/05;;;;;;SPD;Mitglied;;;;;;;;;Kabinett Schröder II;Verwaltung;Politik
Schröder II;Rezzo Schlauch;Bundesministerium für Wirtschaft und Arbeit;government;Parlamentarischer Staatssekretär ;10/22/02;10/18/05;;;;;;Grüne;Mitglied;;;;;;;;;Kabinett Schröder II;Verwaltung;Politik
Schröder II;Renate Künast;Bundesministerium für Verbraucherschutz, Ernährung und Landwirtschaft;government;Bundesministerin für Verbraucherschutz, Ernährung und Landwirtschaft;10/22/02;10/4/05;;;;;;Grüne;Mitglied;;;;;;;;;Kabinett Schröder II;Verwaltung;Politik
Schröder II;Gerald Thalheim;Bundesministerium für Verbraucherschutz, Ernährung und Landwirtschaft;government;Parlamentarischer Staatssekretär ;10/22/02;10/18/05;;;;;;SPD;Mitglied;;;;;;;;;Kabinett Schröder II;Verwaltung;Politik
Schröder II;Matthias Berninger;Bundesministerium für Verbraucherschutz, Ernährung und Landwirtschaft;government;Parlamentarischer Staatssekretär ;10/22/02;10/18/05;;;;;;Grüne;Mitglied;;;;;;;;;Kabinett Schröder II;Verwaltung;Politik
Schröder II;Jürgen Trittin;Bundesministerium für Verbraucherschutz, Ernährung und Landwirtschaft;government;Bundesminister für Verbraucherschutz, Ernährung und Landwirtschaft;10/4/05;10/18/05;Bundesministerium für Umwelt, Naturschutz und Reaktorsicherheit;government;;10/22/02;10/18/05;Grüne;Mitglied;;;;;;;;;Kabinett Schröder II;Verwaltung;Politik
Schröder II;Peter Struck;Bundesministerium der Verteidigung;government;Bundesminister der Verteidigung;10/22/02;10/18/05;;;;;;SPD;Mitglied;;;;;;;;;Kabinett Schröder II;Verwaltung;Politik
Schröder II;Walter Kolbow;Bundesministerium der Verteidigung;government;Parlamentarischer Staatssekretär ;10/22/02;10/18/05;;;;;;SPD;Mitglied;;;;;;;;;Kabinett Schröder II;Verwaltung;Politik
Schröder II;Hans Georg Wagner;Bundesministerium der Verteidigung;government;Parlamentarischer Staatssekretär ;10/22/02;10/18/05;;;;;;SPD;Mitglied;;;;;;;;;Kabinett Schröder II;Verwaltung;Politik
Schröder II;Renate Schmidt;Bundesministerium für Familie, Senioren, Frauen und Jugend;government;Bundesministerin für Familie, Senioren, Frauen und Jugend;10/22/02;10/18/05;;;;;;SPD;Mitglied;;;;;;;;;Kabinett Schröder II;Verwaltung;Politik
Schröder II;Marieluise Beck;Bundesministerium für Familie, Senioren, Frauen und Jugend;government;Parlamentarische Staatssekretärin ;10/22/02;10/18/05;;;;;;Grüne;Mitglied;;;;;;;;;Kabinett Schröder II;Verwaltung;Politik
Schröder II;Christel Riemann-Hanewinckel;Bundesministerium für Familie, Senioren, Frauen und Jugend;government;Parlamentarische Staatssekretärin ;10/22/02;10/18/05;;;;;;SPD;Mitglied;;;;;;;;;Kabinett Schröder II;Verwaltung;Politik
Schröder II;Ursula Schmidt;Bundesministerium für Gesundheit und Soziale Sicherung;government;Bundesministerin für Gesundheit und Soziale Sicherung;10/22/02;10/18/05;;;;;;SPD;Mitglied;;;;;;;;;Kabinett Schröder II;Verwaltung;Politik
Schröder II;Marion Caspers-Merk;Bundesministerium für Gesundheit und Soziale Sicherung;government;Parlamentarische Staatssekretärin ;10/22/02;10/18/05;;;;;;SPD;Mitglied;;;;;;;;;Kabinett Schröder II;Verwaltung;Politik
Schröder II;Franz Thönnes;Bundesministerium für Gesundheit und Soziale Sicherung;government;Parlamentarischer Staatssekretär ;10/22/02;10/18/05;;;;;;SPD;Mitglied;;;;;;;;;Kabinett Schröder II;Verwaltung;Politik
Schröder II;Manfred Stolpe;Bundesministerium für Verkehr, Bau- und Wohnungswesen;government;Parlamentarischer Staatssekretär ;10/22/02;10/18/05;;;;;;SPD;Mitglied;;;;;;;;;Kabinett Schröder II;Verwaltung;Politik
Schröder II;Iris Gleicke;Bundesministerium für Verkehr, Bau- und Wohnungswesen;government;Parlamentarische Staatssekretärin ;10/22/02;10/18/05;;;;;;SPD;Mitglied;;;;;;;;;Kabinett Schröder II;Verwaltung;Politik
Schröder II;Achim Großmann;Bundesministerium für Verkehr, Bau- und Wohnungswesen;government;Parlamentarischer Staatssekretär ;10/22/02;10/18/05;;;;;;SPD;Mitglied;;;;;;;;;Kabinett Schröder II;Verwaltung;Politik
Schröder II;Angelika Mertens;Bundesministerium für Verkehr, Bau- und Wohnungswesen;government;Parlamentarische Staatssekretärin ;10/22/02;10/18/05;;;;;;SPD;Mitglied;;;;;;;;;Kabinett Schröder II;Verwaltung;Politik
Schröder II;Simone Probst;Bundesministerium für Umwelt, Naturschutz und Reaktorsicherheit;government;Parlamentarische Staatssekretärin ;10/22/02;10/18/05;;;;;;Grüne;Mitglied;;;;;;;;;Kabinett Schröder II;Verwaltung;Politik
Schröder II;Margareta Wolf;Bundesministerium für Umwelt, Naturschutz und Reaktorsicherheit;government;Parlamentarische Staatssekretärin ;10/22/02;10/18/05;;;;;;Grüne;Mitglied;;;;;;;;;Kabinett Schröder II;Verwaltung;Politik
Schröder II;Edelgard Bulmahn;Bundesministerium für Bildung und Forschung;government;Bundesministerin für Bildung und Forschung;10/22/02;"01.07.2004";;;;;;SPD;Mitglied;;;;;;;;;Kabinett Schröder II;Verwaltung;Politik
Schröder II;Christoph Matschie;Bundesministerium für Bildung und Forschung;government;Parlamentarischer Staatssekretär ;"01.07.2004";10/18/05;;;;;;SPD;Mitglied;;;;;;;;;Kabinett Schröder II;Verwaltung;Politik
Schröder II;Ulrich Kasparick;Bundesministerium für Bildung und Forschung;government;Parlamentarischer Staatssekretär ;10/22/02;10/18/05;;;;;;SPD;Mitglied;;;;;;;;;Kabinett Schröder II;Verwaltung;Politik
Schröder II;Heidemarie Wieczorek-Zeul;Bundesministerium für Wirtschaftliche Zusammenarbeit und Entwicklung;government;Bundesministerin für Wirtschaftliche Zusammenarbeit und Entwicklung;10/22/02;10/18/05;;;;;;SPD;Mitglied;;;;;;;;;Kabinett Schröder II;Verwaltung;Politik
Schröder II;Uschi Eid;Bundesministerium für Wirtschaftliche Zusammenarbeit und Entwicklung;government;Parlamentarische Staatssekretärin ;10/22/02;10/18/05;;;;;;Grüne;Mitglied;;;;;;;;;Kabinett Schröder II;Verwaltung;Politik
Schröder I;Gerhard Schröder;Bundeskanzleramt;government;Bundeskanzler;10/27/98;10/22/02;;;;;;SPD;Mitglied;;;;;;;;;Kabinett Schröder I;Verwaltung;Politik
Schröder I;Rolf Schwanitz;Bundeskanzleramt;government;Staatsminister;10/27/98;10/22/02;;;;;;SPD;Mitglied;;;;;;;;;Kabinett Schröder I;Verwaltung;Politik
Schröder I;Michael Naumann;Bundeskanzleramt;government;Staatsminister;9/3/99;1/1/01;;;;;;SPD;Mitglied;;;;;;;;;Kabinett Schröder I;Verwaltung;Politik
Schröder I;Julian Nida-Rümelin;Bundeskanzleramt;government;Staatsminister;1/1/01;10/22/02;;;;;;SPD;Mitglied;;;;;;;;;Kabinett Schröder I;Verwaltung;Politik
Schröder I;Hans Martin Bury;Bundeskanzleramt;government;Staatsminister;8/1/99;10/22/02;;;;;;SPD;Mitglied;;;;;;;;;Kabinett Schröder I;Verwaltung;Politik
Schröder I;Joseph Fischer;Auswärtiges Amt;government;Bundesminister des Auswärtigen;10/27/98;10/22/02;Bundeskanzleramt;government;Stellvertreter des Bundeskanzlers;10/27/98;10/22/02;Grüne;Mitglied;;;;;;;;;Kabinett Schröder I;Verwaltung;Politik
Schröder I;Günter Verheugen;Auswärtiges Amt;government;Staatsminister;10/27/98;9/13/99;;;;;;SPD;Mitglied;;;;;;;;;Kabinett Schröder I;Verwaltung;Politik
Schröder I;Christoph Zöpel;Auswärtiges Amt;government;Staatsminister;9/16/99;10/22/02;;;;;;SPD;Mitglied;;;;;;;;;Kabinett Schröder I;Verwaltung;Politik
Schröder I;Ludger Volmer;Auswärtiges Amt;government;Staatsminister;10/27/98;10/22/02;;;;;;Grüne;Mitglied;;;;;;;;;Kabinett Schröder I;Verwaltung;Politik
Schröder I;Otto Schily;Bundesministerium des Inneren;government;Bundesminister des Inneren;10/27/98;10/22/02;;;;;;SPD;Mitglied;;;;;;;;;Kabinett Schröder I;Verwaltung;Politik
Schröder I;Fritz Rudolf Körper;Bundesministerium des Inneren;government;Parlamentarischer Staatssekretär ;10/27/98;10/22/02;;;;;;SPD;Mitglied;;;;;;;;;Kabinett Schröder I;Verwaltung;Politik
Schröder I;Cornelie Sonntag-Wolgast;Bundesministerium des Inneren;government;Parlamentarische Staatssekretärin ;10/27/98;10/22/02;;;;;;SPD;Mitglied;;;;;;;;;Kabinett Schröder I;Verwaltung;Politik
Schröder I;Herta Däubler-Gmelin;Bundesministerium der Justiz;government;Bundesministerin der Justiz;10/27/98;10/22/02;;;;;;SPD;Mitglied;;;;;;;;;Kabinett Schröder I;Verwaltung;Politik
Schröder I;Eckhard Pick;Bundesministerium der Justiz;government;Parlamentarischer Staatssekretär ;10/27/98;10/22/02;;;;;;SPD;Mitglied;;;;;;;;;Kabinett Schröder I;Verwaltung;Politik
Schröder I;"Oskar Lafontaine";Bundesministerium der Finanzen;government;Bundesminister der Finanzen;10/27/98;3/11/99;;;;;;SPD;Mitglied;;;;;;;;;Kabinett Schröder I;Verwaltung;Politik
Schröder I;Karl Diller;Bundesministerium der Finanzen;government;Parlamentarischer Staatssekretär ;10/27/98;10/22/02;;;;;;SPD;Mitglied;;;;;;;;;Kabinett Schröder I;Verwaltung;Politik
Schröder I;Barbara Hendricks;Bundesministerium der Finanzen;government;Parlamentarische Staatssekretärin ;10/27/98;10/22/02;;;;;;SPD;Mitglied;;;;;;;;;Kabinett Schröder I;Verwaltung;Politik
Schröder I;Hans Eichel;Bundesministerium der Finanzen;government;Bundesminister der Finanzen;3/11/99;10/22/02;;;;;;SPD;Mitglied;;;;;;;;;Kabinett Schröder I;Verwaltung;Politik
Schröder I;Werner Müller;Bundesministerium für Wirtschaft und Technologie;government;Bundesminister für Wirtschaft und Technologie;10/27/98;10/22/02;;;;;;;Mitglied;;;;;;;;;Kabinett Schröder I;Verwaltung;Politik
Schröder I;Siegmar Mosdorf;Bundesministerium für Wirtschaft und Technologie;government;Parlamentarischer Staatssekretär ;10/27/98;3/1/02;;;;;;SPD;Mitglied;;;;;;;;;Kabinett Schröder I;Verwaltung;Politik
Schröder I;Ditmar Staffelt;Bundesministerium für Wirtschaft und Technologie;government;Parlamentarischer Staatssekretär ;10/27/98;10/22/02;;;;;;SPD;Mitglied;;;;;;;;;Kabinett Schröder I;Verwaltung;Politik
Schröder I;Margareta Wolf;Bundesministerium für Wirtschaft und Technologie;government;Parlamentarische Staatssekretärin ;1/12/01;10/22/02;;;;;;Grüne;Mitglied;;;;;;;;;Kabinett Schröder I;Verwaltung;Politik
Schröder I;Karl-Heinz Funke;Bundesministerium für Verbraucherschutz, Ernährung und Landwirtschaft;government;Bundesminister für Verbraucherschutz, Ernährung und Landwirtschaft;10/27/98;1/9/01;;;;;;SPD;Mitglied;;;;;;;;;Kabinett Schröder I;Verwaltung;Politik
Schröder I;Gerald Thalheim;Bundesministerium für Verbraucherschutz, Ernährung und Landwirtschaft;government;Parlamentarischer Staatssekretär ;10/27/98;10/22/02;;;;;;SPD;Mitglied;;;;;;;;;Kabinett Schröder I;Verwaltung;Politik
Schröder I;Matthias Berninger;Bundesministerium für Verbraucherschutz, Ernährung und Landwirtschaft;government;Parlamentarischer Staatssekretär ;1/12/01;10/22/02;;;;;;Grüne;Mitglied;;;;;;;;;Kabinett Schröder I;Verwaltung;Politik
Schröder I;Renate Künast;Bundesministerium für Verbraucherschutz, Ernährung und Landwirtschaft;government;Bundesministerin für Verbraucherschutz, Ernährung und Landwirtschaft;1/12/01;10/22/02;;;;;;Grüne;Mitglied;;;;;;;;;Kabinett Schröder I;Verwaltung;Politik
Schröder I;Walter Riester;Bundesministerium für Arbeit und Soziales;government;Bundesminister für Arbeit und Soziales;10/27/98;10/22/02;;;;;;SPD;Mitglied;;;;;;;;;Kabinett Schröder I;Verwaltung;Politik
Schröder I;Gerd Andres;Bundesministerium für Arbeit und Soziales;government;Parlamentarischer Staatssekretär ;10/27/98;10/22/02;;;;;;SPD;Mitglied;;;;;;;;;Kabinett Schröder I;Verwaltung;Politik
Schröder I;Ulrike Mascher;Bundesministerium für Arbeit und Soziales;government;Parlamentarische Staatssekretärin ;10/27/98;10/22/02;;;;;;SPD;Mitglied;;;;;;;;;Kabinett Schröder I;Verwaltung;Politik
Schröder I;Rudolf Scharping;Bundesministerium der Verteidigung;government;Bundesminister der Verteidigung;10/27/98;7/18/02;;;;;;SPD;Mitglied;;;;;;;;;Kabinett Schröder I;Verwaltung;Politik
Schröder I;Walter Kolbow;Bundesministerium der Verteidigung;government;Parlamentarischer Staatssekretär ;10/27/98;10/22/02;;;;;;SPD;Mitglied;;;;;;;;;Kabinett Schröder I;Verwaltung;Politik
Schröder I;Brigitte Schulte;Bundesministerium der Verteidigung;government;Parlamentarische Staatssekretärin ;10/27/98;10/22/02;;;;;;SPD;Mitglied;;;;;;;;;Kabinett Schröder I;Verwaltung;Politik
Schröder I;Peter Struck;Bundesministerium der Verteidigung;government;Bundesminister der Verteidigung;7/19/02;10/22/02;;;;;;SPD;Mitglied;;;;;;;;;Kabinett Schröder I;Verwaltung;Politik
Schröder I;Christine Bergmann;Bundesministerium für Familie, Senioren, Frauen und Jugend;government;Parlamentarische Staatssekretärin ;10/27/98;10/22/02;;;;;;SPD;Mitglied;;;;;;;;;Kabinett Schröder I;Verwaltung;Politik
Schröder I;Edith Niehuis;Bundesministerium für Familie, Senioren, Frauen und Jugend;government;Parlamentarische Staatssekretärin ;10/27/98;10/22/02;;;;;;SPD;Mitglied;;;;;;;;;Kabinett Schröder I;Verwaltung;Politik
Schröder I;Andrea Fischer;Bundesministerium für Gesundheit;government;Bundesministerin für Gesundheit;10/27/98;1/9/01;;;;;;Grüne;Mitglied;;;;;;;;;Kabinett Schröder I;Verwaltung;Politik
Schröder I;Christa Nickels;Bundesministerium für Gesundheit;government;Parlamentarische Staatssekretärin ;10/27/98;1/12/01;;;;;;Grüne;Mitglied;;;;;;;;;Kabinett Schröder I;Verwaltung;Politik
Schröder I;Gudrun Schaich-Walch;Bundesministerium für Gesundheit;government;Parlamentarische Staatssekretärin ;1/12/01;10/22/02;;;;;;SPD;Mitglied;;;;;;;;;Kabinett Schröder I;Verwaltung;Politik
Schröder I;Ulla Schmidt;Bundesministerium für Gesundheit;government;Bundesministerin für Gesundheit;1/9/01;10/22/02;;;;;;SPD;Mitglied;;;;;;;;;Kabinett Schröder I;Verwaltung;Politik
Schröder I;Franz Müntefering;Bundesministerium für Verkehr, Bau- und Wohnungswesen;government;Bundesminister für Verkehr, Bau- und Wohnungswesen;10/27/98;9/29/99;;;;;;SPD;Mitglied;;;;;;;;;Kabinett Schröder I;Verwaltung;Politik
Schröder I;Reinhard Klimmt;Bundesministerium für Verkehr, Bau- und Wohnungswesen;government;Bundesminister für Verkehr, Bau- und Wohnungswesen;10/27/98;11/16/00;;;;;;SPD;Mitglied;;;;;;;;;Kabinett Schröder I;Verwaltung;Politik
Schröder I;Kurt Bodewig;Bundesministerium für Verkehr, Bau- und Wohnungswesen;government;Bundesminister für Verkehr, Bau- und Wohnungswesen; 20.11.2000;10/22/02;;;;;;SPD;Mitglied;;;;;;;;;Kabinett Schröder I;Verwaltung;Politik
Schröder I;Achim Großmann;Bundesministerium für Verkehr, Bau- und Wohnungswesen;government;Parlamentarischer Staatssekretär ;10/27/98;10/22/02;;;;;;SPD;Mitglied;;;;;;;;;Kabinett Schröder I;Verwaltung;Politik
Schröder I;Lothar Ibrügger;Bundesministerium für Verkehr, Bau- und Wohnungswesen;government;Parlamentarischer Staatssekretär ;10/27/98;3/20/00;;;;;;SPD;Mitglied;;;;;;;;;Kabinett Schröder I;Verwaltung;Politik
Schröder I;Kurt Bodewig;Bundesministerium für Verkehr, Bau- und Wohnungswesen;government;Parlamentarischer Staatssekretär ;3/20/00;11/20/00;;;;;;SPD;Mitglied;;;;;;;;;Kabinett Schröder I;Verwaltung;Politik
Schröder I;Stephan Hilsberg;Bundesministerium für Verkehr, Bau- und Wohnungswesen;government;Parlamentarischer Staatssekretär ;10/27/98;11/27/00;;;;;;SPD;Mitglied;;;;;;;;;Kabinett Schröder I;Verwaltung;Politik
Schröder I;Siegfried Scheffler;Bundesministerium für Verkehr, Bau- und Wohnungswesen;government;Parlamentarischer Staatssekretär ;10/27/98;10/22/02;;;;;;SPD;Mitglied;;;;;;;;;Kabinett Schröder I;Verwaltung;Politik
Schröder I;Angelika Mertens;Bundesministerium für Verkehr, Bau- und Wohnungswesen;government;Parlamentarische Staatssekretärin ;10/27/98;10/22/02;;;;;;SPD;Mitglied;;;;;;;;;Kabinett Schröder I;Verwaltung;Politik
Schröder I;Jürgen Trittin;Bundesministerium für Umwelt, Naturschutz und Reaktorsicherheit;government;Bundesminister für Umwelt, Naturschutz und Reaktorsicherheit;10/27/98;10/22/02;;;;;;Grüne;Mitglied;;;;;;;;;Kabinett Schröder I;Verwaltung;Politik
Schröder I;Gila Altmann;Bundesministerium für Umwelt, Naturschutz und Reaktorsicherheit;government;Parlamentarische Staatssekretärin ;10/27/98;10/22/02;;;;;;Grüne;Mitglied;;;;;;;;;Kabinett Schröder I;Verwaltung;Politik
Schröder I;Simone Probst;Bundesministerium für Umwelt, Naturschutz und Reaktorsicherheit;government;Parlamentarische Staatssekretärin ;10/27/98;10/22/02;;;;;;Grüne;Mitglied;;;;;;;;;Kabinett Schröder I;Verwaltung;Politik
Schröder I;Edelgard Bulmahn;Bundesministerium für Bildung, Wissenschaft, Forschung und Technologie;government;Bundesministerin für Bildung, Wissenschaft, Forschung und Technologie;10/27/98;10/22/02;;;;;;SPD;Mitglied;;;;;;;;;Kabinett Schröder I;Verwaltung;Politik
Schröder I;Wolf-Michael Catenhusen;Bundesministerium für Bildung, Wissenschaft, Forschung und Technologie;government;Parlamentarischer Staatssekretär ;10/27/98;10/22/02;;;;;;SPD;Mitglied;;;;;;;;;Kabinett Schröder I;Verwaltung;Politik
Schröder I;Heidemarie Wieczorek-Zeul;Bundesministerium für wirtschaftliche Zusammenarbeit und Entwicklung;government;Bundesministerin für wirtschaftliche Zusammenarbeit und Entwicklung;10/27/98;10/22/02;;;;;;SPD;Mitglied;;;;;;;;;Kabinett Schröder I;Verwaltung;Politik
Schröder I;Uschi Eid;Bundesministerium für wirtschaftliche Zusammenarbeit und Entwicklung;government;Parlamentarische Staatssekretärin ;10/27/98;10/22/02;;;;;;Grüne;Mitglied;;;;;;;;;Kabinett Schröder I;Verwaltung;Politik
Schröder I;"Bodo Hombach";Bundesministerium für besondere Aufgaben;government;Bundesminister für besondere Aufgaben;10/27/98;10/22/02;Bundeskanzleramt;government;Chef des Bundeskanzleramtes;10/27/98;10/22/02;SPD;Mitglied;;;;;;;;;Kabinett Schröder I;Verwaltung;Politik