bundesland;name;v1org;v1art;v1position;v1beginn;v1ende;v2org;v2art;v2position;v2beginn;v2ende;v3org;v3art;v3position;v3beginn;v3ende;tag1;tag2;tag3
Berlin;Michael Müller;Senat von Berlin;government;Regierender Bürgermeister;12/11/14;;;;;;;SPD;Mitglied;;;;Kabinett Müller;Berlin;Landesregierung
Berlin;Frank Henkel;Senat von Berlin;government;Bürgermeister und Senator für Inneres und Sport;12/11/14;;;;;;;CDU;Mitglied;;;;Kabinett Müller;Berlin;Landesregierung
Berlin;Dilek Kolat;Senat von Berlin;government;Bürgermeisterin und Senatorin für Arbeit, Integration und Frauen;12/11/14;;;;;;;SPD;Mitglied;;;;Kabinett Müller;Berlin;Landesregierung
Berlin;Andreas Geisel;Senat von Berlin;government;Senator für Stadtentwicklung und Umwelt;12/11/14;;;;;;;SPD;Mitglied;;;;Kabinett Müller;Berlin;Landesregierung
Berlin;Sandra Scheeres;Senat von Berlin;government;Senatorin für Bildung, Jugend und Wissenschaft;12/11/14;;;;;;;SPD;Mitglied;;;;Kabinett Müller;Berlin;Landesregierung
Berlin;Matthias Kollatz-Ahnen;Senat von Berlin;government;Senator für Finanzen;12/11/14;;;;;;;SPD;Mitglied;;;;Kabinett Müller;Berlin;Landesregierung
Berlin;Mario Czaja;Senat von Berlin;government;Senator für Gesundheit und Soziales;12/11/14;;;;;;;CDU;Mitglied;;;;Kabinett Müller;Berlin;Landesregierung
Berlin;Thomas Heilmann;Senat von Berlin;government;Senator für Justiz und Verbraucherschutz;12/11/14;;;;;;;CDU;Mitglied;;;;Kabinett Müller;Berlin;Landesregierung
Berlin;Cornelia Yzer;Senat von Berlin;government;Senatorin für Wirtschaft, Technologie und Forschung;12/11/14;;;;;;;CDU;Mitglied;;;;Kabinett Müller;Berlin;Landesregierung
Bayern;Horst Seehofer;Bayerische Staatskanzlei;government;Ministerpräsident;10/10/13;;;;;;;CSU;Mitglied;;;;Kabinett Seehofer II;Bayern;Landesregierung
Bayern;Ilse Aigner;Bayerische Staatskanzlei;government;Stellvertretende Ministerpräsidentin;10/10/13;;Bayrisches Staatsministerium für Wirtschaft und Medien, Energie und Technologie;government;Bayrische Staatsministerin für Wirtschaft und Medien, Energie und Technologie;10/10/13;;CSU;Mitglied;;;;Kabinett Seehofer II;Bayern;Landesregierung
Bayern;Christine Haderthauer;Bayerische Staatskanzlei;government;"Leiterin der Staatskanzlei und Staatsministerin für Bundesangelegenheiten und Sonderaufgaben";10/10/13;9/1/14;;;;;;CSU;Mitglied;;;;Kabinett Seehofer II;Bayern;Landesregierung
Bayern;Marcel Huber ;Bayerische Staatskanzlei;government;"Leiter der Staatskanzlei und Staatsminister für Bundesangelegenheiten und Sonderaufgaben";9/5/14;;;;;;;CSU;Mitglied;;;;Kabinett Seehofer II;Bayern;Landesregierung
Bayern;Beate Merk;Bayrisches Staatsministerium für Europaangelegenheiten und regionale Beziehungen in der Staatskanzlei;government;Bayrische Staatsministerin für Europaangelegenheiten und regionale Beziehungen in der Staatskanzlei;10/10/13;;;;;;;CSU;Mitglied;;;;Kabinett Seehofer II;Bayern;Landesregierung
Bayern;Joachim Herrmann;Bayrisches Staatsministerium des Inneren, für Bau und Verkehr;government;Bayrischer Staatsminister des Inneren, für Bau und Verkehr;10/10/13;;;;;;;CSU;Mitglied;;;;Kabinett Seehofer II;Bayern;Landesregierung
Bayern;Gerhard Eck ;Bayrisches Staatsministerium des Inneren, für Bau und Verkehr;government;Staatssekretär;10/10/13;;;;;;;CSU;Mitglied;;;;Kabinett Seehofer II;Bayern;Landesregierung
Bayern;Winfried Bausback;Bayrisches Staatsministerium der Justiz;government;Bayrischer Staatsminister der Justiz;10/10/13;;;;;;;CSU;Mitglied;;;;Kabinett Seehofer II;Bayern;Landesregierung
Bayern;Ludwig Spaenle;Bayrisches Staatsministerium für Bildung und Kultus, Wissenschaft und Kunst;government;Bayrischer Staatsminister für Bildung und Kultus, Wissenschaft und Kunst;10/10/13;;;;;;;CSU;Mitglied;;;;Kabinett Seehofer II;Bayern;Landesregierung
Bayern;Georg Eisenreich;Bayrisches Staatsministerium für Bildung und Kultus, Wissenschaft und Kunst;government;Staatssekretär;10/10/13;;;;;;;CSU;Mitglied;;;;Kabinett Seehofer II;Bayern;Landesregierung
Bayern;Bernd Sibler;Bayrisches Staatsministerium für Bildung und Kultus, Wissenschaft und Kunst;government;Staatssekretär;10/10/13;;;;;;;CSU;Mitglied;;;;Kabinett Seehofer II;Bayern;Landesregierung
Bayern;Markus Söder;Bayrisches Staatsministerium der Finanzen, für Landesentwicklung und Heimat;government;Bayrischer Staatsminister der Finanzen, für Landesentwicklung und Heimat;10/10/13;;;;;;;CSU;Mitglied;;;;Kabinett Seehofer II;Bayern;Landesregierung
Bayern;Albert Füracker ;Bayrisches Staatsministerium der Finanzen, für Landesentwicklung und Heimat;government;Staatssekretär;10/10/13;;;;;;;CSU;Mitglied;;;;Kabinett Seehofer II;Bayern;Landesregierung
Bayern;Johannes Hintersberger;Bayrisches Staatsministerium der Finanzen, für Landesentwicklung und Heimat;government;Staatssekretär;10/10/13;;;;;;;CSU;Mitglied;;;;Kabinett Seehofer II;Bayern;Landesregierung
Bayern;Franz Pschierer ;Bayrisches Staatsministerium für Wirtschaft und Medien, Energie und Technologie;government;Staatssekretär;10/10/13;9/5/14;;;;;;CSU;Mitglied;;;;Kabinett Seehofer II;Bayern;Landesregierung
Bayern;Marcel Huber;Bayrisches Staatsministerium für Umwelt und Verbraucherschutz;government;Bayrischer Staatsminister für Umwelt und Verbraucherschutz;9/5/14;;;;;;;CSU;Mitglied;;;;Kabinett Seehofer II;Bayern;Landesregierung
Bayern;Ulrike Scharf;Bayrisches Staatsministerium für Umwelt und Verbraucherschutz;government;Bayrische Staatsministerin für Umwelt und Verbraucherschutz;10/10/13;;;;;;;CSU;Mitglied;;;;Kabinett Seehofer II;Bayern;Landesregierung
Bayern;Melanie Huml;Bayrisches Staatsministerium für Gesundheit und Pflege;government;Bayrische Staatsministerin für Gesundheit und Pflege;10/10/13;;;;;;;CSU;Mitglied;;;;Kabinett Seehofer II;Bayern;Landesregierung
Bayern;Helmut Brunner;Bayrisches Staatsministerium für Ernährung, Landwirtschaft und Forsten;government;Bayrischer Staatsminister für Ernährung, Landwirtschaft und Forsten;10/10/13;;;;;;;CSU;Mitglied;;;;Kabinett Seehofer II;Bayern;Landesregierung
Bayern;Emilia Müller;Bayrisches Staatsministerium für Arbeit und Soziales, Familie und Integration;government;Bayrische Staatsministerin für Arbeit und Soziales, Familie und Integration;10/10/13;;;;;;;CSU;Mitglied;;;;Kabinett Seehofer II;Bayern;Landesregierung
Baden-Württemberg;Winfried Kretschmann;Staatsministerium Baden-Württemberg;government;Ministerpräsident;5/12/11;;;;;;;Grüne;Mitglied;;;;Kabinett Kretschmann;Baden-Württemberg;Landesregierung
Baden-Württemberg;Nils Schmid;Staatsministerium Baden-Württemberg;government;Stellvertretender Ministerpräsident;5/12/11;;Ministerium  für Finanzen und Wirtschaft Baden-Württemberg;government;Minister für Finanzen und Wirtschaft;5/12/11;;SPD;Mitglied;;;;Kabinett Kretschmann;Baden-Württemberg;Landesregierung
Baden-Württemberg;Ingo Rust;Ministerium  für Finanzen und Wirtschaft Baden-Württemberg;government;Staatssekretär im Ministerium für Finanzen und Wirtschaft;;;;;;;;SPD;Mitglied;;;;Kabinett Kretschmann;Baden-Württemberg;Landesregierung
Baden-Württemberg;Silke Krebs;Staatsministerium Baden-Württemberg;government;Ministerin im Staatsministerium;5/12/11;;;;;;;Grüne;Mitglied;;;;Kabinett Kretschmann;Baden-Württemberg;Landesregierung
Baden-Württemberg;Reinhold Gall;Innenministerium Baden-Württemberg;government;Innenminister des Landes Baden-Württemberg;5/12/11;;;;;;;SPD;Mitglied;;;;Kabinett Kretschmann;Baden-Württemberg;Landesregierung
Baden-Württemberg;Rainer Stickelberger;Justizministerium Baden-Württemberg;government;Justizminister des Landes Baden-Württemberg;5/12/11;;;;;;;SPD;Mitglied;;;;Kabinett Kretschmann;Baden-Württemberg;Landesregierung
Baden-Württemberg;Gabriele Warminski-Leitheußer;Ministerium für Kultus, Jugend und Sport Baden-Württemberg;government;Landesministerin für Kultus, Jugend und Sport von Baden-Württemberg;5/12/11;1/7/13;;;;;;SPD;Mitglied;;;;Kabinett Kretschmann;Baden-Württemberg;Landesregierung
Baden-Württemberg;Andreas Stoch;Ministerium für Kultus, Jugend und Sport Baden-Württemberg;government;Landesminister für Kultus, Jugend und Sport von Baden-Württemberg;1/23/13;;;;;;;SPD;Mitglied;;;;Kabinett Kretschmann;Baden-Württemberg;Landesregierung
Baden-Württemberg;Frank Mentrup;Staatssekretär im Ministerium für Kultus, Jugend und Sport Baden-Württemberg;government;Staatssekretär;1/23/13;3/1/13;;;;;;SPD;Mitglied;;;;Kabinett Kretschmann;Baden-Württemberg;Landesregierung
Baden-Württemberg;Marion von Wartenberg;Staatssekretär im Ministerium für Kultus, Jugend und Sport Baden-Württemberg;government;Staatssekretärin ;3/1/13;;;;;;;SPD;Mitglied;;;;Kabinett Kretschmann;Baden-Württemberg;Landesregierung
Baden-Württemberg;Jürgen Walter;Ministerium für Wissenschaft, Forschung und Kunst Baden-Württemberg;government;Staatssekretär;5/12/11;;;;;;;Grüne;Mitglied;;;;Kabinett Kretschmann;Baden-Württemberg;Landesregierung
Baden-Württemberg;Theresia Bauer;Ministerium für Wissenschaft, Forschung und Kunst Baden-Württemberg;government;Ministerin für Wissenschaft, Forschung und Kunst Baden-Württemberg;5/12/11;;;;;;;Grüne;Mitglied;;;;Kabinett Kretschmann;Baden-Württemberg;Landesregierung
Baden-Württemberg;Katrin Altpeter;Ministerium für Arbeit und Sozialordnung, Familie, Frauen und Senioren Baden-Württemberg;government;Ministerin für Arbeit und Sozialordnung, Familie, Frauen und Senioren Baden-Württemberg;5/12/11;;;;;;;SPD;Mitglied;;;;Kabinett Kretschmann;Baden-Württemberg;Landesregierung
Baden-Württemberg;Winfried Hermann;Ministerium für Verkehr und Infrastruktur Baden-Württemberg;government;Minister für Verkehr und Infrastruktur Baden-Württemberg;5/12/11;;;;;;;Grüne;Mitglied;;;;Kabinett Kretschmann;Baden-Württemberg;Landesregierung
Baden-Württemberg;Gisela Splett;Ministerium für Verkehr und Infrastruktur Baden-Württemberg;government;Staatssekretärin ;5/12/11;;;;;;;Grüne;Mitglied;;;;Kabinett Kretschmann;Baden-Württemberg;Landesregierung
Baden-Württemberg;Franz Untersteller;Ministerium für Umwelt, Klima und Energiewirtschaft Baden-Württemberg;government;Minister für Umwelt, Klima und Energiewirtschaft Baden-Württemberg;5/12/11;;;;;;;Grüne;Mitglied;;;;Kabinett Kretschmann;Baden-Württemberg;Landesregierung
Baden-Württemberg;Alexander Bonde;Ministerium für Ländlichen Raum und Verbraucherschutz Baden-Württemberg;government;Minister für Ländlichen Raum und Verbraucherschutz Baden-Württemberg;5/12/11;;;;;;;Grüne;Mitglied;;;;Kabinett Kretschmann;Baden-Württemberg;Landesregierung
Baden-Württemberg;Bilkay Öney;Ministerium für Integration Baden-Württemberg;government;Ministerin für Integration Baden-Württemberg;5/12/11;;;;;;;SPD;Mitglied;;;;Kabinett Kretschmann;Baden-Württemberg;Landesregierung
Baden-Württemberg;Peter Friedrich;Staatsministerium Baden-Württemberg;government;Minister für Bundesrat, Europa und internationale Angelegenheiten;5/12/11;;;;;;;SPD;Mitglied;;;;Kabinett Kretschmann;Baden-Württemberg;Landesregierung
Baden-Württemberg;Gisela Erler;Staatsministerium Baden-Württemberg;government;Staatsrätin für Zivilgesellschaft und Bürgerbeteiligung;5/12/11;;;;;;;Grüne;Mitglied;;;;Kabinett Kretschmann;Baden-Württemberg;Landesregierung
Baden-Württemberg;Klaus-Peter Murawski;Staatsministerium Baden-Württemberg;government;Staatssekretär;5/12/11;;;;;;;Grüne;Mitglied;;;;Kabinett Kretschmann;Baden-Württemberg;Landesregierung
Rheinland-Pfalz;Malu Dreyer;Staatskanzlei Rheinland-Pfalz;government;Ministerpräsidentin;1/16/13;;;;;;;SPD;Mitglied;;;;Kabinett Dreyer;Rheinland-Pfalz;Landesregierung
Rheinland-Pfalz;Jacqueline Kraege;Staatskanzlei Rheinland-Pfalz;government;"Staatssekretärin für Bundes- und Europaangelegenheiten";1/16/13;;Staatskanzlei Rheinland-Pfalz;government;Chefin der Staatskanzlei;1/16/13;11/12/14;SPD;Mitglied;;;;Kabinett Dreyer;Rheinland-Pfalz;Landesregierung
Rheinland-Pfalz;Clemens Hoch;Staatskanzlei Rheinland-Pfalz;government;Chef der Staatskanzlei;11/12/14;;;;;;;SPD;Mitglied;;;;Kabinett Dreyer;Rheinland-Pfalz;Landesregierung
Rheinland-Pfalz;Eveline Lemke;Staatskanzlei Rheinland-Pfalz;government;Stellvertreterin der Ministerpräsidentin;1/16/13;;;;;;;Grüne;Mitglied;;;;Kabinett Dreyer;Rheinland-Pfalz;Landesregierung
Rheinland-Pfalz;Roger Lewentz;Ministerium des Inneren, für Sport und Infrastruktur Rheinland-Pfalz;government;Minister des Inneren, für Sport und Infrastruktur Rheinland-Pfalz;1/16/13;;;;;;;SPD;Mitglied;;;;Kabinett Dreyer;Rheinland-Pfalz;Landesregierung
Rheinland-Pfalz;Jürgen Häfner;Ministerium des Inneren, für Sport und Infrastruktur Rheinland-Pfalz;government;Staatssekretär;1/16/13;1/31/14;;;;;;SPD;Mitglied;;;;Kabinett Dreyer;Rheinland-Pfalz;Landesregierung
Rheinland-Pfalz;Günter Kern;Ministerium des Inneren, für Sport und Infrastruktur Rheinland-Pfalz;government;Staatssekretär; 01.02.2014;;;;;;;SPD;Mitglied;;;;Kabinett Dreyer;Rheinland-Pfalz;Landesregierung
Rheinland-Pfalz;Heike Raab;Ministerium des Inneren, für Sport und Infrastruktur Rheinland-Pfalz;government;Staatssekretärin;1/16/13;;;;;;;SPD;Mitglied;;;;Kabinett Dreyer;Rheinland-Pfalz;Landesregierung
Rheinland-Pfalz;Carsten Kühl;Ministerium der Finanzen Rheinland-Pfalz;government;Minister der Finanzen Rheinland-Pfalz;1/16/13;11/12/14;;;;;;SPD;Mitglied;;;;Kabinett Dreyer;Rheinland-Pfalz;Landesregierung
Rheinland-Pfalz;Doris Ahnen;Ministerium der Finanzen Rheinland-Pfalz;government;Ministerin der Finanzen Rheinland-Pfalz;11/12/14;;;;;;;SPD;Mitglied;;;;Kabinett Dreyer;Rheinland-Pfalz;Landesregierung
Rheinland-Pfalz;Salvatore Barbaro;Ministerium der Finanzen Rheinland-Pfalz;government;Staatssekretär;1/16/13;;;;;;;SPD;Mitglied;;;;Kabinett Dreyer;Rheinland-Pfalz;Landesregierung
Rheinland-Pfalz;Jochen Hartloff;Ministerium der Justiz und für Verbraucherschutz Rheinland-Pfalz;government;Minister der Justiz und für Verbraucherschutz;1/16/13;11/12/14;;;;;;SPD;Mitglied;;;;Kabinett Dreyer;Rheinland-Pfalz;Landesregierung
Rheinland-Pfalz;Gerhard Robbers;Ministerium der Justiz und für Verbraucherschutz Rheinland-Pfalz;government;Minister der Justiz und für Verbraucherschutz;11/12/14;;;;;;;SPD;Mitglied;;;;Kabinett Dreyer;Rheinland-Pfalz;Landesregierung
Rheinland-Pfalz;Beate Reich;Ministerium der Justiz und für Verbraucherschutz Rheinland-Pfalz;government;Staatssekretärin;1/16/13;11/12/14;;;;;;SPD;Mitglied;;;;Kabinett Dreyer;Rheinland-Pfalz;Landesregierung
Rheinland-Pfalz;Hannes Kopf;Ministerium der Justiz und für Verbraucherschutz Rheinland-Pfalz;government;Staatssekretär;11/12/14;;;;;;;SPD;Mitglied;;;;Kabinett Dreyer;Rheinland-Pfalz;Landesregierung
Rheinland-Pfalz;Alexander Schweitzer;Ministerium für Soziales, Arbeit, Gesundheit und Demografie Rheinland-Pfalz;government;Minister für Soziales, Arbeit, Gesundheit und Demografie;1/16/13;11/12/14;;;;;;SPD;Mitglied;;;;Kabinett Dreyer;Rheinland-Pfalz;Landesregierung
Rheinland-Pfalz;"Sabine Bätzing-Lichtenthäler";Ministerium für Soziales, Arbeit, Gesundheit und Demografie Rheinland-Pfalz;government;Ministerin für Soziales, Arbeit, Gesundheit und Demografie;11/12/14;;;;;;;SPD;Mitglied;;;;Kabinett Dreyer;Rheinland-Pfalz;Landesregierung
Rheinland-Pfalz;David Langner;Ministerium für Soziales, Arbeit, Gesundheit und Demografie Rheinland-Pfalz;government;Staatssekretär;1/16/13;;;;;;;SPD;Mitglied;;;;Kabinett Dreyer;Rheinland-Pfalz;Landesregierung
Rheinland-Pfalz;Eveline Lemke;Ministerium für Wirtschaft, Klimaschutz, Energie und Landesplanung Rheinland-Pfalz;government;Ministerin für Wirtschaft, Klimaschutz, Energie und Landesplanung;1/16/13;;;;;;;Grüne;Mitglied;;;;Kabinett Dreyer;Rheinland-Pfalz;Landesregierung
Rheinland-Pfalz;Uwe Hüser;Ministerium für Wirtschaft, Klimaschutz, Energie und Landesplanung Rheinland-Pfalz;government;Staatssekretär;1/16/13;;;;;;;Grüne;Mitglied;;;;Kabinett Dreyer;Rheinland-Pfalz;Landesregierung
Rheinland-Pfalz;Doris Ahnen;Ministerium für Bildung, Wissenschaft, Weiterbildung und Kultur Rheinland-Pfalz;government;Ministerin für Bildung, Wissenschaft, Weiterbildung und Kultur;1/16/13;11/12/14;;;;;;SPD;Mitglied;;;;Kabinett Dreyer;Rheinland-Pfalz;Landesregierung
Rheinland-Pfalz;Vera Reiß;Ministerium für Bildung, Wissenschaft, Weiterbildung und Kultur Rheinland-Pfalz;government;Ministerin für Bildung, Wissenschaft, Weiterbildung und Kultur;11/12/14;;Ministerium für Bildung, Wissenschaft, Weiterbildung und Kultur;government;Staatssekretärin;1/16/13;11/12/14;SPD;Mitglied;;;;Kabinett Dreyer;Rheinland-Pfalz;Landesregierung
Rheinland-Pfalz;Hans Beckmann;Ministerium für Bildung, Wissenschaft, Weiterbildung und Kultur Rheinland-Pfalz;government;Staatssekretär;1/16/13;;;;;;;SPD;Mitglied;;;;Kabinett Dreyer;Rheinland-Pfalz;Landesregierung
Rheinland-Pfalz;Thomas Deufel;Ministerium für Bildung, Wissenschaft, Weiterbildung und Kultur Rheinland-Pfalz;government;Staatssekretär;1/16/13;;;;;;;SPD;Mitglied;;;;Kabinett Dreyer;Rheinland-Pfalz;Landesregierung
Rheinland-Pfalz;Walter Schumacher;Ministerium für Bildung, Wissenschaft, Weiterbildung und Kultur Rheinland-Pfalz;government;Staatssekretär;1/16/13;;;;;;;SPD;Mitglied;;;;Kabinett Dreyer;Rheinland-Pfalz;Landesregierung
Rheinland-Pfalz;Ulrike Höfken;Ministerium für Umwelt, Landwirtschaft, Ernährung, Weinbau und Forsten Rheinland-Pfalz;government;Ministerin für Umwelt, Landwirtschaft, Ernährung, Weinbau und Forsten;1/16/13;;;;;;;Grüne;Mitglied;;;;Kabinett Dreyer;Rheinland-Pfalz;Landesregierung
Rheinland-Pfalz;Thomas Griese;Ministerium für Umwelt, Landwirtschaft, Ernährung, Weinbau und Forsten Rheinland-Pfalz;government;Staatssekretär;1/16/13;;;;;;;Grüne;Mitglied;;;;Kabinett Dreyer;Rheinland-Pfalz;Landesregierung
Rheinland-Pfalz;Irene Alt;Ministerium für Integration, Familie, Kinder, Jugend und Frauen Rheinland-Pfalz;government;Ministerin für Integration, Familie, Kinder, Jugend und Frauen;1/16/13;;;;;;;Grüne;Mitglied;;;;Kabinett Dreyer;Rheinland-Pfalz;Landesregierung
Rheinland-Pfalz;Margit Gottstein;Ministerium für Integration, Familie, Kinder, Jugend und Frauen Rheinland-Pfalz;government;Staatssekretärin;1/16/13;;;;;;;Grüne;Mitglied;;;;Kabinett Dreyer;Rheinland-Pfalz;Landesregierung
Rheinland-Pfalz;Margit Conrad;Ministerium für Bundes- und Europaangelegenheiten in der Staatskanzlei Rheinland-Pfalz;government;Ministerin für Bundes- und Europaangelegenheiten in der Staatskanzlei;1/16/13;11/12/14;;;;;;SPD;Mitglied;;;;Kabinett Dreyer;Rheinland-Pfalz;Landesregierung
Hessen;Volker Bouffier;Hessische Staatskanzlei;government;Ministerpräsident;1/18/14;;;;;;;CDU;Mitglied;;;;Kabinett Bouffier;Hessen;Landesregierung
Hessen;Peter Beuth;Hessisches Ministerium des Inneren und für Sport;government;Minister des Inneren und für Sport;1/18/14;;;;;;;CDU;Mitglied;;;;Kabinett Bouffier;Hessen;Landesregierung
Hessen;Werner Koch;Hessisches Ministerium des Inneren und für Sport;government;Staatssekretär;1/18/14;;;;;;;CDU;Mitglied;;;;Kabinett Bouffier;Hessen;Landesregierung
Hessen;Thomas Schäfer;Hessisches Ministerium der Finanzen ;government;Finanzenminister;1/18/14;;;;;;;CDU;Mitglied;;;;Kabinett Bouffier;Hessen;Landesregierung
Hessen;Bernadette Weyland;Hessisches Ministerium der Finanzen ;government;Staatssekretärin;1/18/14;;;;;;;CDU;Mitglied;;;;Kabinett Bouffier;Hessen;Landesregierung
Hessen;Eva Kühne-Hörmann;Hessisches Ministerium der Justiz;government;Justizministerin;1/18/14;;;;;;;CDU;Mitglied;;;;Kabinett Bouffier;Hessen;Landesregierung
Hessen;Thomas Metz;Hessisches Ministerium der Justiz;government;Staatssekretär;1/18/14;;;;;;;CDU;Mitglied;;;;Kabinett Bouffier;Hessen;Landesregierung
Hessen;Stefan Grüttner;Hessisches Ministerium für Soziales und Integration;government;Soziales und Integration;1/18/14;;;;;;;CDU;Mitglied;;;;Kabinett Bouffier;Hessen;Landesregierung
Hessen;Wolfgang Dippel;Hessisches Ministerium für Soziales und Integration;government;Staatssekretär;1/18/14;;;;;;;CDU;Mitglied;;;;Kabinett Bouffier;Hessen;Landesregierung
Hessen;Jo Dreiseitel ;Hessisches Ministerium für Soziales und Integration;government;Staatssekretär;1/18/14;;;;;;;Grüne;Mitglied;;;;Kabinett Bouffier;Hessen;Landesregierung
Hessen;Ralph Alexander Lorz;Hessisches Kultusministerium;government;Kultusminister;1/18/14;;;;;;;CDU;Mitglied;;;;Kabinett Bouffier;Hessen;Landesregierung
Hessen;Manuel Lösel;Hessisches Kultusministerium;government;Staatssekretär;1/18/14;;;;;;;CDU;Mitglied;;;;Kabinett Bouffier;Hessen;Landesregierung
Hessen;Tarek Al-Wazir;Hessisches Ministerium für Wirtschaft, Energie, Verkehr und Landesentwicklung;government;Minister für Wirtschaft, Energie, Verkehr und Landesentwicklung;1/18/14;;Staatskanzlei Hessen;government;Stellvertreter des Ministerpräsidenten;1/18/14;;Grüne;Mitglied;;;;Kabinett Bouffier;Hessen;Landesregierung
Hessen;Mathias Samson;Hessisches Ministerium für Wirtschaft, Energie, Verkehr und Landesentwicklung;government;Staatssekretär;1/18/14;;;;;;;Grüne;Mitglied;;;;Kabinett Bouffier;Hessen;Landesregierung
Hessen;Boris Rhein;Hessisches Ministerium für Wissenschaft und Kunst;government;Minister für Wissenschaft und Kunst;1/18/14;;;;;;;CDU;Mitglied;;;;Kabinett Bouffier;Hessen;Landesregierung
Hessen;Ingmar Jung;Hessisches Ministerium für Wissenschaft und Kunst;government;Staatssekretär;1/18/14;;;;;;;CDU;Mitglied;;;;Kabinett Bouffier;Hessen;Landesregierung
Hessen;Priska Hinz;Hessisches Ministerium für Umwelt, Klimaschutz, Landwirtschaft und Verbraucherschutz;government;Umwelt, Klimaschutz, Landwirtschaft und Verbraucherschutz;1/18/14;;;;;;;Grüne;Mitglied;;;;Kabinett Bouffier;Hessen;Landesregierung
Hessen;Beatrix Tappeser;Hessisches Ministerium für Umwelt, Klimaschutz, Landwirtschaft und Verbraucherschutz;government;Staatssekretärin;1/18/14;;;;;;;Grüne;Mitglied;;;;Kabinett Bouffier;Hessen;Landesregierung
Hessen;Axel Wintermeyer;Hessische Staatskanzlei;government;Staatssekretär;1/18/14;;;;;;;CDU;Mitglied;;;;Kabinett Bouffier;Hessen;Landesregierung
Hessen;Michael Bußer;Hessische Staatskanzlei;government;Staatssekretär;1/18/14;;;;;;;CDU;Mitglied;;;;Kabinett Bouffier;Hessen;Landesregierung
Hessen;Mark Weinmeister;Hessische Staatskanzlei;government;Staatssekretär;1/18/14;;Hessisches Ministerium für Bundes- und Europaangelegenheiten;government;Staatssekretär;1/18/14;;CDU;Mitglied;;;;Kabinett Bouffier;Hessen;Landesregierung
Hessen;Lucia Puttrich;Hessisches Ministerium für Bundes- und Europaangelegenheiten;government;Ministerin für Bundes- und Europaangelegenheiten;1/18/14;;;;;;;CDU;Mitglied;;;;Kabinett Bouffier;Hessen;Landesregierung
Saarland;Annegret Kramp-Karrenbauer;Staatskanzlei Saarland;government;Ministerpräsidentin;5/9/12;;Ministerium für Wissenschaft, Forschung und Technologie Saarland;government;Ministerin für Wissenschaft, Forschung und Technologie;5/9/12;;CDU;Mitglied;;;;Kabinett Kramp-Karrenbauer II;Saarland;Landesregierung
Saarland;Heiko Maas;Staatskanzlei Saarland;government;Stellvertretender Ministerpräsident;5/9/12; 17.12.2013;Ministerium für Wirtschaft, Arbeit, Energie und Verkehr  Saarland;government;Minister für Wirtschaft, Arbeit, Energie und Verkehr;5/9/12; 17.12.2013;SPD;Mitglied;;;;Kabinett Kramp-Karrenbauer II;Saarland;Landesregierung
Saarland;Anke Rehlinger;Staatskanzlei Saarland;government;Stellvertretende Ministerpräsidentin; 15.01.2013;;Ministerium für Wirtschaft, Arbeit, Energie und Verkehr  Saarland;government;Ministerin für Wirtschaft, Arbeit, Energie und Verkehr; 15.01.2013;;SPD;Mitglied;;;;Kabinett Kramp-Karrenbauer II;Saarland;Landesregierung
Saarland;Jürgen Barke;Ministerium für Wirtschaft, Arbeit, Energie und Verkehr  Saarland;government;Staatssekretär;5/9/12;;;;;;;;Mitglied;;;;Kabinett Kramp-Karrenbauer II;Saarland;Landesregierung
Saarland;Stephan Toscani;Ministerium für Finanzen und Europa Saarland;government;Minister für Finanzen und Europa;5/9/12;;;;;;;CDU;Mitglied;;;;Kabinett Kramp-Karrenbauer II;Saarland;Landesregierung
Saarland;Monika Bachmann ;Ministerium für Inneres und Sport Saarland;government;Ministerin für Inneres und Sport;5/9/12;11/12/14;;;;;;CDU;Mitglied;;;;Kabinett Kramp-Karrenbauer II;Saarland;Landesregierung
Saarland;Klaus Bouillon;Ministerium für Inneres und Sport Saarland;government;Minister für Inneres und Sport;11/12/14;;;;;;;CDU;Mitglied;;;;Kabinett Kramp-Karrenbauer II;Saarland;Landesregierung
Saarland;Christian Seel;Ministerium für Inneres und Sport Saarland;government;Staatssekretär;5/9/12;;;;;;;;;;;;Kabinett Kramp-Karrenbauer II;Saarland;Landesregierung
Saarland;Andreas Storm ;Ministerium für Soziales, Gesundheit, Frauen und Familie Saarland;government;Minister für Soziales, Gesundheit, Frauen und Familie;5/9/12;11/12/14;;;;;;CDU;Mitglied;;;;Kabinett Kramp-Karrenbauer II;Saarland;Landesregierung
Saarland;Monika Bachmann;Ministerium für Soziales, Gesundheit, Frauen und Familie Saarland;government;Ministerin für Soziales, Gesundheit, Frauen und Familie;11/12/14;;;;;;;CDU;Mitglied;;;;Kabinett Kramp-Karrenbauer II;Saarland;Landesregierung
Saarland;Staphan Kolling;Ministerium für Soziales, Gesundheit, Frauen und Familie Saarland;government;Staatssekretär;5/9/12;;;;;;;;;;;;Kabinett Kramp-Karrenbauer II;Saarland;Landesregierung
Saarland;Anke Rehlinger;Ministerium der Justiz Saarland;government;"Minister der Justiz";5/9/12;1/15/14;Ministerium für Umwelt und Verbraucherschutz Saarland;government;Minister für Umwelt und Verbraucherschutz ;5/9/12;1/15/14;SPD;Mitglied;;;;Kabinett Kramp-Karrenbauer II;Saarland;Landesregierung
Saarland;Reinhold Jost;Ministerium der Justiz Saarland;government;"Minister der Justiz";1/15/14;;Ministerium für Umwelt und Verbraucherschutz Saarland;government;Minister für Umwelt und Verbraucherschutz ;1/15/14;;SPD;Mitglied;;;;Kabinett Kramp-Karrenbauer II;Saarland;Landesregierung
Saarland;Anke Morsch;Ministerium der Justiz Saarland;government;Staatssekretärin;5/9/12;;;;;;;;;;;;Kabinett Kramp-Karrenbauer II;Saarland;Landesregierung
Saarland;Roland Krämer;Ministerium für Umwelt und Verbraucherschutz Saarland;government;Staatssekretär;5/9/12;;;;;;;SPD;Mitglied;;;;Kabinett Kramp-Karrenbauer II;Saarland;Landesregierung
Saarland;Ulrich Commerçon;Ministerium für Bildung und Kultur Saarland;government;Minister für Bildung und Kultur;5/9/12;;;;;;;SPD;Mitglied;;;;Kabinett Kramp-Karrenbauer II;Saarland;Landesregierung
Saarland;Andrea Becker;Ministerium für Bildung und Kultur Saarland;government;Staatssekretärin;5/9/12;;;;;;;;;;;;;;
Sachsen-Anhalt;Reiner Haseloff;Staatskanzlei Sachsen-Anhalt;government;Ministerpräsident;4/19/11;;;;;;;CDU;Mitglied;;;;Kabinett Haseloff;Sachsen-Anhalt;Landesregierung
Sachsen-Anhalt;Jens Bullerjahn;Ministerium der Finanzen Sachsen-Anhalt;government;Minister der Finanzen ;4/19/11;;Staatskanzlei Sachsen-Anhalt;government;Stellvertreter des Ministerpräsidenten;4/19/11;;SPD;Mitglied;;;;Kabinett Haseloff;Sachsen-Anhalt;Landesregierung
Sachsen-Anhalt;Jörg Felgner;Ministerium der Finanzen Sachsen-Anhalt;government;Staatssekretär;4/19/11;;;;;;;;;;;;Kabinett Haseloff;Sachsen-Anhalt;Landesregierung
Sachsen-Anhalt;Heiko Geue;Ministerium der Finanzen Sachsen-Anhalt;government;Staatssekretär;4/19/11;10/31/12;;;;;;;;;;;Kabinett Haseloff;Sachsen-Anhalt;Landesregierung
Sachsen-Anhalt;Michael Richter;Ministerium der Finanzen Sachsen-Anhalt;government;Staatssekretär;11/1/12;;;;;;;;;;;;Kabinett Haseloff;Sachsen-Anhalt;Landesregierung
Sachsen-Anhalt;Holger Stahlknecht;Ministerium des Inneren Sachsen-Anhalt;government;Minister des Inneren ;4/19/11;;;;;;;CDU;Mitglied;;;;Kabinett Haseloff;Sachsen-Anhalt;Landesregierung
Sachsen-Anhalt;Ulf Gundlach;Ministerium des Inneren Sachsen-Anhalt;government;Staatssekretär;4/19/11;;;;;;;;;;;;Kabinett Haseloff;Sachsen-Anhalt;Landesregierung
Sachsen-Anhalt;Angela Kolb;Ministerium für Justiz und Gleichstellung Sachsen-Anhalt;government;Ministerin für Justiz und Gleichstellung ;4/19/11; 01.06.2012;;;;;;SPD;Mitglied;;;;Kabinett Haseloff;Sachsen-Anhalt;Landesregierung
Sachsen-Anhalt;Eberhard Schmidt-Elsaeßer;Ministerium für Justiz und Gleichstellung Sachsen-Anhalt;government;Staatssekretär;4/19/11;;;;;;;;;;;;Kabinett Haseloff;Sachsen-Anhalt;Landesregierung
Sachsen-Anhalt;Thomas Wünsch;Ministerium für Justiz und Gleichstellung Sachsen-Anhalt;government;Staatssekretär;4/19/11;;;;;;;;;;;;Kabinett Haseloff;Sachsen-Anhalt;Landesregierung
Sachsen-Anhalt;Norbert Bischoff;Ministerium für Arbeit und Soziales Sachsen-Anhalt;government;Minister für Arbeit und Soziales ;4/19/11;;;;;;;SPD;Mitglied;;;;Kabinett Haseloff;Sachsen-Anhalt;Landesregierung
Sachsen-Anhalt;Beate Bröcker;Ministerium für Arbeit und Soziales Sachsen-Anhalt;government;Staatssekretärin;4/19/11;9/24/13;;;;;;;;;;;Kabinett Haseloff;Sachsen-Anhalt;Landesregierung
Sachsen-Anhalt;Anja Naumann;Ministerium für Arbeit und Soziales Sachsen-Anhalt;government;Staatssekretärin;10/1/13;;;;;;;;;;;;Kabinett Haseloff;Sachsen-Anhalt;Landesregierung
Sachsen-Anhalt;Birgitta Wolff ;Ministerium für Wissenschaft und Wirtschaft Sachsen-Anhalt;government;Ministerin für Wissenschaft und Wirtschaft;4/19/11;4/22/13;;;;;;CDU;Mitglied;;;;Kabinett Haseloff;Sachsen-Anhalt;Landesregierung
Sachsen-Anhalt;Hartmut Möllring ;Ministerium für Wissenschaft und Wirtschaft Sachsen-Anhalt;government;Minister für Wissenschaft und Wirtschaft;4/22/13;;;;;;;CDU;Mitglied;;;;Kabinett Haseloff;Sachsen-Anhalt;Landesregierung
Sachsen-Anhalt;Marco Tullner;Ministerium für Wissenschaft und Wirtschaft Sachsen-Anhalt;government;Staatssekretär;4/19/11;;;;;;;;;;;;Kabinett Haseloff;Sachsen-Anhalt;Landesregierung
Sachsen-Anhalt;Michael Richter;Ministerium für Wissenschaft und Wirtschaft Sachsen-Anhalt;government;Staatssekretär;4/19/11;10/31/12;;;;;;;;;;;Kabinett Haseloff;Sachsen-Anhalt;Landesregierung
Sachsen-Anhalt;Tamara Zieschang;Ministerium für Wissenschaft und Wirtschaft Sachsen-Anhalt;government;Staatssekretärin;11/15/12;;;;;;;;;;;;Kabinett Haseloff;Sachsen-Anhalt;Landesregierung
Sachsen-Anhalt;Stephan Dorgerloh;Ministerium für Kultus Sachsen-Anhalt;government;Ministerin für Kultus;4/19/11;;;;;;;SPD;Mitglied;;;;Kabinett Haseloff;Sachsen-Anhalt;Landesregierung
Sachsen-Anhalt;Jan Hofmann;Ministerium für Kultus Sachsen-Anhalt;government;Staatssekretär;4/19/11;;;;;;;;;;;;Kabinett Haseloff;Sachsen-Anhalt;Landesregierung
Sachsen-Anhalt;Hermann Onko Aeikens;Ministerium für Landwirtschaft und Umwelt Sachsen-Anhalt;government;Minister für Landwirtschaft und Umwelt;4/19/11;;;;;;;CDU;Mitglied;;;;Kabinett Haseloff;Sachsen-Anhalt;Landesregierung
Sachsen-Anhalt;Jürgen Stadelmann;Ministerium für Landwirtschaft und Umwelt Sachsen-Anhalt;government;Staatssekretär;4/19/11;5/18/11;;;;;;;;;;;Kabinett Haseloff;Sachsen-Anhalt;Landesregierung
Sachsen-Anhalt;Anne-Marie Keding;Ministerium für Landwirtschaft und Umwelt Sachsen-Anhalt;government;Staatssekretärin;5/18/11;;;;;;;;;;;;Kabinett Haseloff;Sachsen-Anhalt;Landesregierung
Sachsen-Anhalt;Thomas Webel;Ministerium für Landesentwicklung und Verkehr Sachsen-Anhalt;government;Minister für Landesentwicklung und Verkehr;4/19/11;;;;;;;CDU;Mitglied;;;;Kabinett Haseloff;Sachsen-Anhalt;Landesregierung
Sachsen-Anhalt;Klaus Klang;Ministerium für Landesentwicklung und Verkehr Sachsen-Anhalt;government;Staatssekretär;4/19/11;;;;;;;;;;;;Kabinett Haseloff;Sachsen-Anhalt;Landesregierung
Sachsen-Anhalt;Rainer Robra;Staatskanzlei Sachsen-Anhalt;government;Chef der Staatskanzlei;4/19/11;;Staatskanzlei Sachsen-Anhalt;government;Minister für Europa- und Medienangelegenheiten;4/19/11;;CDU;Mitglied;;;;Kabinett Haseloff;Sachsen-Anhalt;Landesregierung
Sachsen-Anhalt;Michael Schneider;Staatskanzlei Sachsen-Anhalt;government;Staatssekretär;4/19/11;;;;;;;;;;;;Kabinett Haseloff;Sachsen-Anhalt;Landesregierung
Thüringen;Bodo Ramelow;Staatskanzlei Thüringen;government;Ministerpräsident;12/5/14;;;;;;;DIE LINKE;Mitglied;;;;Kabinett Ramelow;Thüringen;Landesregierung
Thüringen;Malte Krückels;Staatskanzlei Thüringen;government;Staatssekretär;12/5/14;;Staatskanzlei Thüringen;government;"Bevollmächtigter des Freistaates beim Bund";12/5/14;;DIE LINKE;Mitglied;;;;Kabinett Ramelow;Thüringen;Landesregierung
Thüringen;Heike Taubert;Ministerium der Finanzen Thüringen;government;Ministerin der Finanzen;12/5/14;;Staatskanzlei Thüringen;government;Stellvertretende Ministerpräsidentin;12/5/14;;SPD;Mitglied;;;;Kabinett Ramelow;Thüringen;Landesregierung
Thüringen;Hartmut Schubert;Ministerium der Finanzen Thüringen;government;Staatssekretär;12/5/14;;;;;;;SPD;Mitglied;;;;Kabinett Ramelow;Thüringen;Landesregierung
Thüringen;Holger Poppenhäger;Ministerium für Inneres und Kommunales Thüringen;government;Minister für Inneres und Kommunales ;12/5/14;;;;;;;SPD;Mitglied;;;;Kabinett Ramelow;Thüringen;Landesregierung
Thüringen;Udo Götze;Ministerium für Inneres und Kommunales Thüringen;government;Staatssekretär;12/5/14;;;;;;;SPD;Mitglied;;;;;;
Thüringen;Birgit Klaubert;Ministerium für Bildung, Jugend und Sport Thüringen;government;Ministerin für Bildung, Jugend und Sport;12/5/14;;;;;;;DIE LINKE;Mitglied;;;;Kabinett Ramelow;Thüringen;Landesregierung
Thüringen;Gabi Ohler;Ministerium für Bildung, Jugend und Sport Thüringen;government;Staatssekretärin;12/5/14;;;;;;;DIE LINKE;Mitglied;;;;;;
Thüringen;Heike Werner;Ministerium für Arbeit, Soziales, Gesundheit, Frauen und Familie Thüringen;government;Ministerin für Arbeit, Soziales, Gesundheit, Frauen und Familie ;12/5/14;;;;;;;DIE LINKE;Mitglied;;;;Kabinett Ramelow;Thüringen;Landesregierung
Thüringen;Ines Feierabend;Ministerium für Arbeit, Soziales, Gesundheit, Frauen und Familie Thüringen;government;Staatssekretärin;12/5/14;;;;;;;DIE LINKE;Mitglied;;;;;;
Thüringen;Wolfgang Tiefensee;Ministerium für Wirtschaft, Wissenschaft und Digitale Gesellschaft Thüringen;government;Minister für Wirtschaft, Wissenschaft und Digitale Gesellschaft;12/5/14;;;;;;;SPD;Mitglied;;;;Kabinett Ramelow;Thüringen;Landesregierung
Thüringen;Markus Hoppe;Ministerium für Wirtschaft, Wissenschaft und Digitale Gesellschaft Thüringen;government;Staatssekretär;12/5/14;;;;;;;SPD;Mitglied;;;;;;
Thüringen;Anja Siegesmund;Ministerium für Umwelt, Energie und Naturschutz Thüringen;government;Ministerin für Umwelt, Energie und Naturschutz;12/5/14;;;;;;;Grüne;Mitglied;;;;Kabinett Ramelow;Thüringen;Landesregierung
Thüringen;Olaf Möller;Ministerium für Umwelt, Energie und Naturschutz Thüringen;government;Staatssekretär;12/5/14;;;;;;;Grüne;Mitglied;;;;;;
Thüringen;Birgit Keller;Ministerium für Infrastruktur und Landwirtschaft Thüringen;government;Ministerin für Infrastruktur und Landwirtschaft;12/5/14;;;;;;;DIE LINKE;Mitglied;;;;Kabinett Ramelow;Thüringen;Landesregierung
Thüringen;Klaus Sühl;Ministerium für Infrastruktur und Landwirtschaft Thüringen;government;Staatssekretär;12/5/14;;;;;;;DIE LINKE;Mitglied;;;;;;
Thüringen;Dieter Lauinger;Ministerium für Migration, Justiz und Verbraucherschutz Thüringen;government;Minister für Migration, Justiz und Verbraucherschutz ;12/5/14;;;;;;;Grüne;Mitglied;;;;Kabinett Ramelow;Thüringen;Landesregierung
Thüringen;Silke Albin;Ministerium für Migration, Justiz und Verbraucherschutz Thüringen;government;Staatssekretärin;12/5/14;;;;;;;;;;;;;;
Thüringen;Benjamin-Immanuel Hoff;Ministerium für Kultur, Bundes- und Europaangelegenheiten  Thüringen;government;Minister für Kultur, Bundes- und Europaangelegenheiten;12/5/14;;Staatskanzlei Thüringen;government;Chef der Staatskanzlei;12/5/14;;DIE LINKE;Mitglied;;;;Kabinett Ramelow;Thüringen;Landesregierung
Thüringen;Babette Winter;Ministerium für Kultur, Bundes- und Europaangelegenheiten  Thüringen;government;Staatssekretärin für Europa und Kultur;12/5/14;;;;;;;SPD;Mitglied;;;;;;
Niedersachsen;Stephan Weil;Niedersächsischen Staatskanzlei;government;Ministerpräsident;2/19/13;;;;;;;SPD;Mitglied;;;;Kabinett Weil;Niedersachsen;Landesregierung
Niedersachsen;Jörg Mielke;Niedersächsischen Staatskanzlei;government;Leiter der Staatskanzlei;2/19/13;;;;;;;;;;;;Kabinett Weil;Niedersachsen;Landesregierung
Niedersachsen;Michael Rüter;Niedersächsischen Staatskanzlei;government;Staatssekretär;2/19/13;;;;;;;;;;;;Kabinett Weil;Niedersachsen;Landesregierung
Niedersachsen;Birgit Honé;Niedersächsischen Staatskanzlei;government;Sonderstaatssekretärin für Regionalpolitik;2/19/13;;;;;;;;;;;;Kabinett Weil;Niedersachsen;Landesregierung
Niedersachsen;Stefan Wenzel;Niedersächsischen Staatskanzlei;government;Stellvertreter des Ministerpräsidenten;2/19/13;;Niedersächsisches Ministerium für Umwelt, Energie und Klimaschutz;government;Minister für Umwelt, Energie und Klimaschutz;2/19/13;;GRÜNE;Mitglied;;;;Kabinett Weil;Niedersachsen;Landesregierung
Niedersachsen;Boris Pistorius;Niedersächsisches Ministerium für Inneres und Sport;government;Minister für Inneres und Sport;2/19/13;;;;;;;SPD;Mitglied;;;;Kabinett Weil;Niedersachsen;Landesregierung
Niedersachsen;Stephan Manke;Niedersächsisches Ministerium für Inneres und Sport;government;Staatssekretär;2/19/13;;;;;;;;;;;;Kabinett Weil;Niedersachsen;Landesregierung
Niedersachsen;Olaf Lies;Niedersächsisches Ministerium für Wirtschaft, Arbeit und Verkehr;government;Minister für Wirtschaft, Arbeit und Verkehr;2/19/13;;;;;;;SPD;Mitglied;;;;Kabinett Weil;Niedersachsen;Landesregierung
Niedersachsen;Daniela Behrens;Niedersächsisches Ministerium für Wirtschaft, Arbeit und Verkehr;government;Staatssekretärin;2/19/13;;;;;;;;;;;;Kabinett Weil;Niedersachsen;Landesregierung
Niedersachsen;Christian Meyer;Niedersächsisches Ministerium für Ernährung, Landwirtschaft und Verbraucherschutz;government;Minister für Ernährung, Landwirtschaft und Verbraucherschutz;2/19/13;;;;;;;GRÜNE;Mitglied;;;;Kabinett Weil;Niedersachsen;Landesregierung
Niedersachsen;Udo Paschedag;Niedersächsisches Ministerium für Ernährung, Landwirtschaft und Verbraucherschutz;government;Staatssekretär;8/29/13;;;;;;;;;;;;Kabinett Weil;Niedersachsen;Landesregierung
Niedersachsen;Horst Schörshusen;Niedersächsisches Ministerium für Ernährung, Landwirtschaft und Verbraucherschutz;government;Staatssekretär;9/10/13;;;;;;;;;;;;Kabinett Weil;Niedersachsen;Landesregierung
Niedersachsen;Peter-Jürgen Schneider;Niedersächsisches Finanzministerium;government;Finanzminister;2/19/13;;;;;;;SPD;Mitglied;;;;Kabinett Weil;Niedersachsen;Landesregierung
Niedersachsen;Frank Doods;Niedersächsisches Finanzministerium;government;Staatssekretär;2/19/13;;;;;;;;;;;;Kabinett Weil;Niedersachsen;Landesregierung
Niedersachsen;Antje Niewisch-Lennartz;Niedersächsisches Justizministerium;government;Justizministerin;2/19/13;;;;;;;GRÜNE;Mitglied;;;;Kabinett Weil;Niedersachsen;Landesregierung
Niedersachsen;Wolfgang Scheibel;Niedersächsisches Justizministerium;government;Staatssekretär;2/19/13;;;;;;;;;;;;Kabinett Weil;Niedersachsen;Landesregierung
Niedersachsen;Frauke Heiligenstadt;Niedersächsisches Kultusministerium;government;Kultusministerin;2/19/13;;;;;;;SPD;Mitglied;;;;Kabinett Weil;Niedersachsen;Landesregierung
Niedersachsen;Peter Bräth;Niedersächsisches Kultusministerium;government;Staatssekretär;2/19/13;;;;;;;;;;;;Kabinett Weil;Niedersachsen;Landesregierung
Niedersachsen;Gabriele Heinen-Kljajic;Niedersächsisches Ministerium für Wissenschaft und Kultur;government;Ministerin für Wissenschaft und Kultur;2/19/13;;;;;;;GRÜNE;Mitglied;;;;Kabinett Weil;Niedersachsen;Landesregierung
Niedersachsen;Andrea Hoops;Niedersächsisches Ministerium für Wissenschaft und Kultur;government;Staatssekretärin;2/19/13;;;;;;;;;;;;Kabinett Weil;Niedersachsen;Landesregierung
Niedersachsen;Almut Kottwitz;Niedersächsisches Ministerium für Umwelt, Energie und Klimaschutz;government;Staatssekretärin;2/19/13;;;;;;;;;;;;Kabinett Weil;Niedersachsen;Landesregierung
Niedersachsen;Cornelia Rundt;Niedersächsisches Ministerium für Soziales, Gesundheit und Gleichstellung;government;Ministerin für Soziales, Gesundheit und Gleichstellung;2/19/13;;;;;;;SPD;Mitglied;;;;Kabinett Weil;Niedersachsen;Landesregierung
Niedersachsen;Jörg Röhmann;Niedersächsisches Ministerium für Soziales, Gesundheit und Gleichstellung;government;Staatssekretär;2/19/13;;;;;;;;;;;;Kabinett Weil;Niedersachsen;Landesregierung
Nordrhein-Westfalen;Hannelore Kraft;Staatskanzlei Nordrhein-Westfalen;government;Ministerpräsidentin;6/21/12;;;;;;;SPD;Mitglied;;;;Kabinett Kraft II;Nordrhein-Westfalen;Landesregierung
Nordrhein-Westfalen;Franz-Josef Lersch-Mense ;Staatskanzlei Nordrhein-Westfalen;government;Chef der Staatskanzlei;6/21/12;;;;;;;;;;;;Kabinett Kraft II;Nordrhein-Westfalen;Landesregierung
Nordrhein-Westfalen;Thomas Breustedt;Staatskanzlei Nordrhein-Westfalen;government;Regierungssprecher;6/21/12;;;;;;;;;;;;Kabinett Kraft II;Nordrhein-Westfalen;Landesregierung
Nordrhein-Westfalen;Sylvia Löhrmann;Ministerium für Schule und Weiterbildung  Nordrhein-Westfalen;government;Ministerin für Schule und Weiterbildung;6/21/12;;Staatskanzlei Nordrhein-Westfalen;government;Stellvertreterin der Ministerpräsidentin;6/21/12;;Grüne;Mitglied;;;;Kabinett Kraft II;Nordrhein-Westfalen;Landesregierung
Nordrhein-Westfalen;Ludwig Hecke;Ministerium für Schule und Weiterbildung des Landes Nordrhein-Westfalen;government;Staatssekretär;6/21/12;;;;;;;Grüne;Mitglied;;;;Kabinett Kraft II;Nordrhein-Westfalen;Landesregierung
Nordrhein-Westfalen;Norbert Walter-Borjans;Ministerium der Finanzen Nordrhein-Westfalen;government;Minister der Finanzen ;6/21/12;;;;;;;SPD;Mitglied;;;;Kabinett Kraft II;Nordrhein-Westfalen;Landesregierung
Nordrhein-Westfalen;Rüdiger Messal;Ministerium der Finanzen Nordrhein-Westfalen;government;Staatssekretär;6/21/12;;;;;;;;;;;;Kabinett Kraft II;Nordrhein-Westfalen;Landesregierung
Nordrhein-Westfalen;Garrelt Duin;Ministerium für Wirtschaft, Energie, Industrie, Mittelstand und Handwerk Nordrhein-Westfalen;government;Minister für Wirtschaft, Energie, Industrie, Mittelstand und Handwerk;6/21/12;;;;;;;SPD;Mitglied;;;;Kabinett Kraft II;Nordrhein-Westfalen;Landesregierung
Nordrhein-Westfalen;Günther Horzetzky;Ministerium für Wirtschaft, Energie, Industrie, Mittelstand und Handwerk Nordrhein-Westfalen;government;Staatssekretär;6/21/12;;;;;;;;;;;;Kabinett Kraft II;Nordrhein-Westfalen;Landesregierung
Nordrhein-Westfalen;Ralf Jäger;Ministerium für Inneres und Kommunales Nordrhein-Westfalen;government;Minister für Inneres und Kommunales ;6/21/12;;;;;;;SPD;Mitglied;;;;Kabinett Kraft II;Nordrhein-Westfalen;Landesregierung
Nordrhein-Westfalen;Hans-Ulrich Krüger;Ministerium für Inneres und Kommunales Nordrhein-Westfalen;government;Staatssekretär;6/21/12;10/1/13;;;;;;;;;;;Kabinett Kraft II;Nordrhein-Westfalen;Landesregierung
Nordrhein-Westfalen;Bernhard Nebe;Ministerium für Inneres und Kommunales Nordrhein-Westfalen;government;Staatssekretär;6/21/12;;;;;;;;;;;;Kabinett Kraft II;Nordrhein-Westfalen;Landesregierung
Nordrhein-Westfalen;Guntram Schneider;Ministerium für Arbeit, Integration und Soziales Nordrhein-Westfalen;government;Minister für Arbeit, Integration und Soziales;6/21/12;;;;;;;SPD;Mitglied;;;;Kabinett Kraft II;Nordrhein-Westfalen;Landesregierung
Nordrhein-Westfalen;Wilhelm Schäffer;Ministerium für Arbeit, Integration und Soziales Nordrhein-Westfalen;government;Staatssekretär;6/21/12;;;;;;;;;;;;Kabinett Kraft II;Nordrhein-Westfalen;Landesregierung
Nordrhein-Westfalen;Zülfiye Kaykin;Ministerium für Arbeit, Integration und Soziales Nordrhein-Westfalen;government;Staatssekretärin;6/21/12;9/11/13;;;;;;;;;;;Kabinett Kraft II;Nordrhein-Westfalen;Landesregierung
Nordrhein-Westfalen;Thorsten Klute;Ministerium für Arbeit, Integration und Soziales Nordrhein-Westfalen;government;Staatssekretär;6/21/12;;;;;;;;;;;;Kabinett Kraft II;Nordrhein-Westfalen;Landesregierung
Nordrhein-Westfalen;Thomas Kutschaty;Justizministerium Nordrhein-Westfalen;government;Justizminister;6/21/12;;;;;;;SPD;Mitglied;;;;Kabinett Kraft II;Nordrhein-Westfalen;Landesregierung
Nordrhein-Westfalen;Karl-Heinz Krems;Justizministerium Nordrhein-Westfalen;government;Staatssekretär;6/21/12;;;;;;;;;;;;Kabinett Kraft II;Nordrhein-Westfalen;Landesregierung
Nordrhein-Westfalen;Johannes Remmel;Ministerium für Klimaschutz, Umwelt, Landwirtschaft, Natur- und Verbraucherschutz Nordrhein-Westfalen;government;Minister für Klimaschutz, Umwelt, Landwirtschaft, Natur- und Verbraucherschutz ;6/21/12;;;;;;;Grüne;Mitglied;;;;Kabinett Kraft II;Nordrhein-Westfalen;Landesregierung
Nordrhein-Westfalen;Udo Paschedag;Ministerium für Klimaschutz, Umwelt, Landwirtschaft, Natur- und Verbraucherschutz Nordrhein-Westfalen;government;Staatssekretär;6/21/12;2/19/13;;;;;;;;;;;Kabinett Kraft II;Nordrhein-Westfalen;Landesregierung
Nordrhein-Westfalen;Peter Knitsch;Ministerium für Klimaschutz, Umwelt, Landwirtschaft, Natur- und Verbraucherschutz Nordrhein-Westfalen;government;Staatssekretär;2/19/13;;;;;;;;;;;;Kabinett Kraft II;Nordrhein-Westfalen;Landesregierung
Nordrhein-Westfalen;Horst Becker ;Ministerium für Klimaschutz, Umwelt, Landwirtschaft, Natur- und Verbraucherschutz Nordrhein-Westfalen;government;Parlamentarischer Staatssekretär;6/21/12;;;;;;;;;;;;Kabinett Kraft II;Nordrhein-Westfalen;Landesregierung
Nordrhein-Westfalen;Michael Groschek;Ministerium für Bauen, Wohnen, Stadtentwicklung und Verkehr Nordrhein-Westfalen;government;Minister für Bauen, Wohnen, Stadtentwicklung und Verkehr;6/21/12;;;;;;;SPD;Mitglied;;;;Kabinett Kraft II;Nordrhein-Westfalen;Landesregierung
Nordrhein-Westfalen;Gunther Adler;Ministerium für Bauen, Wohnen, Stadtentwicklung und Verkehr Nordrhein-Westfalen;government;Staatssekretär;6/21/12;;;;;;;;;;;;Kabinett Kraft II;Nordrhein-Westfalen;Landesregierung
Nordrhein-Westfalen;Svenja Schulze;Ministerium für Innovation, Wissenschaft und Forschung Nordrhein-Westfalen;government;Ministerin für Innovation, Wissenschaft und Forschung ;6/21/12;;;;;;;SPD;Mitglied;;;;Kabinett Kraft II;Nordrhein-Westfalen;Landesregierung
Nordrhein-Westfalen;Helmut Dockter;Ministerium für Innovation, Wissenschaft und Forschung Nordrhein-Westfalen;government;Staatssekretär;6/21/12;;;;;;;;;;;;Kabinett Kraft II;Nordrhein-Westfalen;Landesregierung
Nordrhein-Westfalen;Ute Schäfer;Ministerium für Familie, Kinder, Jugend, Kultur und Sport Nordrhein-Westfalen;government;Ministerin für Familie, Kinder, Jugend, Kultur und Sport;6/21/12;;;;;;;SPD;Mitglied;;;;Kabinett Kraft II;Nordrhein-Westfalen;Landesregierung
Nordrhein-Westfalen;Klaus Schäfer;Ministerium für Familie, Kinder, Jugend, Kultur und Sport Nordrhein-Westfalen;government;Staatssekretär;6/21/12;10/1/12;;;;;;;;;;;Kabinett Kraft II;Nordrhein-Westfalen;Landesregierung
Nordrhein-Westfalen;Bernd Neuendorf;Ministerium für Familie, Kinder, Jugend, Kultur und Sport Nordrhein-Westfalen;government;Staatssekretär;10/1/12;;;;;;;;;;;;Kabinett Kraft II;Nordrhein-Westfalen;Landesregierung
Nordrhein-Westfalen;Barbara Steffens;Ministerium für Gesundheit, Emanzipation, Pflege und Alter Nordrhein-Westfalen;government;Ministerin für Gesundheit, Emanzipation, Pflege und Alter;6/21/12;;;;;;;Grüne;Mitglied;;;;Kabinett Kraft II;Nordrhein-Westfalen;Landesregierung
Nordrhein-Westfalen;Marlis Bredehorst;Ministerium für Gesundheit, Emanzipation, Pflege und Alter Nordrhein-Westfalen;government;Staatssekretärin;6/21/12;12/17/13;;;;;;;;;;;Kabinett Kraft II;Nordrhein-Westfalen;Landesregierung
Nordrhein-Westfalen;Martina Hoffmann-Badache;Ministerium für Gesundheit, Emanzipation, Pflege und Alter Nordrhein-Westfalen;government;Staatssekretärin;12/17/13;;;;;;;;;;;;Kabinett Kraft II;Nordrhein-Westfalen;Landesregierung
Nordrhein-Westfalen;Angelica Schwall-Düren;Ministerium für Bundesangelegenheiten, Europa und Medien Nordrhein Westfalen;government;Ministerin für Bundesangelegenheiten, Europa und Medien;6/21/12;;;;;;;SPD;Mitglied;;;;Kabinett Kraft II;Nordrhein-Westfalen;Landesregierung
Nordrhein-Westfalen;Marc Jan Eumann;Ministerium für Bundesangelegenheiten, Europa und Medien Nordrhein Westfalen;government;Staatssekretär;6/21/12;;;;;;;;;;;;Kabinett Kraft II;Nordrhein-Westfalen;Landesregierung
Sachsen;Stanislaw Tillich;Sächsische Staatskanzlei;government;Ministerpräsident;11/13/14;;;;;;;CDU;Mitglied;;;;Kabinett Tillich III;Sachsen;Landesregierung
Sachsen;Martin Dulig;Sächsische Staatskanzlei;government;Stellvertretender Ministerpräsident;11/13/14;;;;;;;SPD;Mitglied;;;;Kabinett Tillich III;Sachsen;Landesregierung
Sachsen;Fritz Jaeckel;Sächsische Staatskanzlei;government;Chef der Staatskanzlei;11/13/14;;Sächsische Staatskanzlei;government;Staatsminister für Bundes- und Europaangelegenheiten;11/13/14;;CDU;Mitglied;;;;Kabinett Tillich III;Sachsen;Landesregierung
Sachsen;Erhard Weimann;Sächsische Staatskanzlei;government;Staatssekretär;11/13/14;;;;;;;;;;;;Kabinett Tillich III;Sachsen;Landesregierung
Sachsen;Markus Ulbig;Sächsische Staatsministerium des Innern;government;Minister des Innern;11/13/14;;;;;;;CDU;Mitglied;;;;Kabinett Tillich III;Sachsen;Landesregierung
Sachsen;Michael Wilhelm;Sächsische Staatsministerium des Innern;government;Staatssekretär;11/13/14;;;;;;;;;;;;Kabinett Tillich III;Sachsen;Landesregierung
Sachsen;Georg Unland;Sächsisches Staatsministerium der Finanzen;government;Minister der Finanzen;11/13/14;;;;;;;CDU;Mitglied;;;;Kabinett Tillich III;Sachsen;Landesregierung
Sachsen;Hansjörg König;Sächsisches Staatsministerium der Finanzen;government;Staatssekretär;11/13/14;;;;;;;;;;;;Kabinett Tillich III;Sachsen;Landesregierung
Sachsen;Sebastian Gemkow;Sächsisches Staatsministerium der Justiz;government;Minister der Justiz;11/13/14;;;;;;;CDU;Mitglied;;;;Kabinett Tillich III;Sachsen;Landesregierung
Sachsen;Andrea Franke;Sächsisches Staatsministerium der Justiz;government;Staatssekretär;11/13/14;;;;;;;;;;;;Kabinett Tillich III;Sachsen;Landesregierung
Sachsen;Martin Dulig;Sächsisches Staatsministerium für Wirtschaft, Arbeit und Verkehr;government;Minister für Wirtschaft, Arbeit und Verkehr;11/13/14;;;;;;;SPD;Mitglied;;;;Kabinett Tillich III;Sachsen;Landesregierung
Sachsen;Stefan Brangs;Sächsisches Staatsministerium für Wirtschaft, Arbeit und Verkehr;government;Staatssekretär;12/1/14;;;;;;;;;;;;Kabinett Tillich III;Sachsen;Landesregierung
Sachsen;Hartmut Mangold;Sächsisches Staatsministerium für Wirtschaft, Arbeit und Verkehr;government;Staatssekretär;11/13/14;;;;;;;;;;;;Kabinett Tillich III;Sachsen;Landesregierung
Sachsen;Barbara Klepsch;Sächsisches Staatsministerium für Soziales und Verbraucherschutz;government;Minister für Soziales und Verbraucherschutz;11/13/14;;;;;;;CDU;Mitglied;;;;Kabinett Tillich III;Sachsen;Landesregierung
Sachsen;Andrea Fischer;Sächsisches Staatsministerium für Soziales und Verbraucherschutz;government;Staatssekretärin;11/13/14;;;;;;;;;;;;Kabinett Tillich III;Sachsen;Landesregierung
Sachsen;Thomas Schmidt;Sächsisches Staatsministerium für Umwelt und Landwirtschaft;government;Minister für Umwelt und Landwirtschaft;11/13/14;;;;;;;CDU;Mitglied;;;;Kabinett Tillich III;Sachsen;Landesregierung
Sachsen;Herbert Wolff;Sächsisches Staatsministerium für Umwelt und Landwirtschaft;government;Staatssekretär;11/13/14;;;;;;;;;;;;Kabinett Tillich III;Sachsen;Landesregierung
Sachsen;Brunhild Kurth;Sächsisches Staatsministerium für Kultus;government;Ministerin für Kultus;11/13/14;;;;;;;CDU;Mitglied;;;;Kabinett Tillich III;Sachsen;Landesregierung
Sachsen;Frank Pfeil;Sächsisches Staatsministerium für Kultus;government;Staatssekretär;11/13/14;;;;;;;;;;;;Kabinett Tillich III;Sachsen;Landesregierung
Sachsen;Eva-Maria Stange;Sächsisches Staatsministerium für Wissenschaft und Kunst;government;Ministerin für Wissenschaft und Kunst;11/13/14;;;;;;;SPD;Mitglied;;;;Kabinett Tillich III;Sachsen;Landesregierung
Sachsen;Henry Hasenpflug;Sächsisches Staatsministerium für Wissenschaft und Kunst;government;Staatssekretär;11/13/14;11/30/14;;;;;;;;;;;Kabinett Tillich III;Sachsen;Landesregierung
Sachsen;Uwe Gaul;Sächsisches Staatsministerium für Wissenschaft und Kunst;government;Staatssekretär;12/1/14;;;;;;;;;;;;Kabinett Tillich III;Sachsen;Landesregierung
Sachsen;Petra Köpping;Sächsisches Staatsministerium für Soziales und Verbraucherschutz;government;Ministerin für Gleichstellung und Integration;11/13/14;;;;;;;SPD;Mitglied;;;;Kabinett Tillich III;Sachsen;Landesregierung
Mecklenburg-Vorpommern;Erwin Sellering;Staatskanzlei Mecklenburg-Vorpommern;government;Ministerpräsident;10/25/11;;;;;;;SPD;Mitglied;;;;Kabinett Sellering II;Mecklenburg-Vorpommern;Landesregierung
Mecklenburg-Vorpommern;Reinhard Meyer;Staatskanzlei Mecklenburg-Vorpommern;government;Chef der Staatskanzlei;10/25/11;6/12/12;;;;;;;;;;;Kabinett Sellering II;Mecklenburg-Vorpommern;Landesregierung
Mecklenburg-Vorpommern;Christian Pegel;Staatskanzlei Mecklenburg-Vorpommern;government;Chef der Staatskanzlei;6/18/12;1/13/14;;;;;;;;;;;Kabinett Sellering II;Mecklenburg-Vorpommern;Landesregierung
Mecklenburg-Vorpommern;Christian Frenzel;Staatskanzlei Mecklenburg-Vorpommern;government;Chef der Staatskanzlei;1/14/14;;;;;;;;;;;;Kabinett Sellering II;Mecklenburg-Vorpommern;Landesregierung
Mecklenburg-Vorpommern;Angelika Peters;Staatskanzlei Mecklenburg-Vorpommern;government;Bevollmächtigte beim Bund;10/25/11;10/22/13;;;;;;;;;;;Kabinett Sellering II;Mecklenburg-Vorpommern;Landesregierung
Mecklenburg-Vorpommern;Pirko Kristin Zinnow;Staatskanzlei Mecklenburg-Vorpommern;government;Bevollmächtigte beim Bund;10/22/13;;;;;;;;;;;;Kabinett Sellering II;Mecklenburg-Vorpommern;Landesregierung
Mecklenburg-Vorpommern;Lorenz Caffier;Ministerium für Inneres und Sport  Mecklenburg-Vorpommern;government;Minister für Inneres und Sport ;10/25/11;;Staatskanzlei Mecklenburg-Vorpommern;government;Stellvertreter des Ministerpräsidenten;;;CDU;Mitglied;;;;Kabinett Sellering II;Mecklenburg-Vorpommern;Landesregierung
Mecklenburg-Vorpommern;Thomas Lenz;Ministerium für Inneres und Sport  Mecklenburg-Vorpommern;government;Staatssekretär;10/25/11;;;;;;;;;;;;Kabinett Sellering II;Mecklenburg-Vorpommern;Landesregierung
Mecklenburg-Vorpommern;Uta-Maria Kuder;Justizministerium Mecklenburg-Vorpommern;government;Justizministerin;10/25/11;;;;;;;CDU;Mitglied;;;;Kabinett Sellering II;Mecklenburg-Vorpommern;Landesregierung
Mecklenburg-Vorpommern;Birgit Gärtner;Justizministerium Mecklenburg-Vorpommern;government;Staatssekretärin;10/25/11;;;;;;;;;;;;Kabinett Sellering II;Mecklenburg-Vorpommern;Landesregierung
Mecklenburg-Vorpommern;Heike Polzin;Finanzministerium Mecklenburg-Vorpommern;government;Finanzminister;10/25/11;;;;;;;SPD;Mitglied;;;;Kabinett Sellering II;Mecklenburg-Vorpommern;Landesregierung
Mecklenburg-Vorpommern;Jost Mediger;Finanzministerium Mecklenburg-Vorpommern;government;Staatssekretär;10/25/11;10/29/12;;;;;;;;;;;Kabinett Sellering II;Mecklenburg-Vorpommern;Landesregierung
Mecklenburg-Vorpommern;Peter Bäumer;Finanzministerium Mecklenburg-Vorpommern;government;Staatssekretär; 01.11. 2012;;;;;;;;;;;;Kabinett Sellering II;Mecklenburg-Vorpommern;Landesregierung
Mecklenburg-Vorpommern;Harry Glawe;Ministerium für Wirtschaft, Bau und Tourismus Mecklenburg-Vorpommern;government;Minister für Wirtschaft, Bau und Tourismus ;10/25/11;;;;;;;CDU;Mitglied;;;;Kabinett Sellering II;Mecklenburg-Vorpommern;Landesregierung
Mecklenburg-Vorpommern;Rüdiger Möller;Ministerium für Wirtschaft, Bau und Tourismus Mecklenburg-Vorpommern;government;Staatssekretär;10/25/11;11/14/11;;;;;;;;;;;Kabinett Sellering II;Mecklenburg-Vorpommern;Landesregierung
Mecklenburg-Vorpommern;Stefan Rudolph;Ministerium für Wirtschaft, Bau und Tourismus Mecklenburg-Vorpommern;government;Staatssekretär;11/14/11;;;;;;;;;;;;Kabinett Sellering II;Mecklenburg-Vorpommern;Landesregierung
Mecklenburg-Vorpommern;Till Backhaus;Ministerium für Landwirtschaft, Umwelt und Verbraucherschutz Mecklenburg-Vorpommern;government;Minister für Landwirtschaft, Umwelt und Verbraucherschutz;10/25/11;;;;;;;SPD;Mitglied;;;;Kabinett Sellering II;Mecklenburg-Vorpommern;Landesregierung
Mecklenburg-Vorpommern;Karl Otto Kreer;Ministerium für Landwirtschaft, Umwelt und Verbraucherschutz Mecklenburg-Vorpommern;government;Staatssekretär;10/25/11;4/5/14;;;;;;;;;;;Kabinett Sellering II;Mecklenburg-Vorpommern;Landesregierung
Mecklenburg-Vorpommern;Peter Sanftleben;Ministerium für Landwirtschaft, Umwelt und Verbraucherschutz Mecklenburg-Vorpommern;government;Staatssekretär;4/5/14;;;;;;;;;;;;Kabinett Sellering II;Mecklenburg-Vorpommern;Landesregierung
Mecklenburg-Vorpommern;Mathias Brodkorb;Ministerium für Bildung, Wissenschaft und Kultur Mecklenburg-Vorpommern;government;Minister für Bildung, Wissenschaft und Kultur ;10/25/11;;;;;;;SPD;Mitglied;;;;Kabinett Sellering II;Mecklenburg-Vorpommern;Landesregierung
Mecklenburg-Vorpommern;Sebastian Schröder;Ministerium für Bildung, Wissenschaft und Kultur Mecklenburg-Vorpommern;government;Staatssekretär;10/25/11;;;;;;;;;;;;Kabinett Sellering II;Mecklenburg-Vorpommern;Landesregierung
Mecklenburg-Vorpommern;Volker Schlotmann;Ministerium für Energie, Infrastruktur und Landesentwicklung Mecklenburg-Vorpommern;government;Minister für Energie, Infrastruktur und Landesentwicklung;10/25/11;1/13/14;;;;;;SPD;Mitglied;;;;Kabinett Sellering II;Mecklenburg-Vorpommern;Landesregierung
Mecklenburg-Vorpommern;Christian Pegel;Ministerium für Energie, Infrastruktur und Landesentwicklung Mecklenburg-Vorpommern;government;Minister für Energie, Infrastruktur und Landesentwicklung;1/14/14;;;;;;;;;;;;Kabinett Sellering II;Mecklenburg-Vorpommern;Landesregierung
Mecklenburg-Vorpommern;Ina-Maria Ulbrich;Ministerium für Energie, Infrastruktur und Landesentwicklung Mecklenburg-Vorpommern;government;Staatssekretärin;10/25/11;;;;;;;;;;;;Kabinett Sellering II;Mecklenburg-Vorpommern;Landesregierung
Mecklenburg-Vorpommern;Manuela Schwesig ;Ministerium für Arbeit, Gleichstellung und Soziales Mecklenburg-Vorpommern;government;Ministerin für Arbeit, Gleichstellung und Soziales;10/25/11;12/16/13;;;;;;SPD;Mitglied;;;;Kabinett Sellering II;Mecklenburg-Vorpommern;Landesregierung
Mecklenburg-Vorpommern;Birgit Hesse ;Ministerium für Arbeit, Gleichstellung und Soziales Mecklenburg-Vorpommern;government;Ministerin für Arbeit, Gleichstellung und Soziales;1/14/14;;;;;;;;;;;;Kabinett Sellering II;Mecklenburg-Vorpommern;Landesregierung
Mecklenburg-Vorpommern;Nikolaus Voss;Ministerium für Arbeit, Gleichstellung und Soziales Mecklenburg-Vorpommern;government;Staatssekretär;10/25/11;;;;;;;;;;;;Kabinett Sellering II;Mecklenburg-Vorpommern;Landesregierung
Schleswig-Holstein;Torsten Albig;Staatskanzlei Schleswig-Holstein;government;Ministerpräsident;6/12/12;;;;;;;SPD;Mitglied;;;;Kabinett Albig;Schleswig-Holstein;Landesregierung
Schleswig-Holstein;Stefan Studt;Staatskanzlei Schleswig-Holstein;government;Chef der Staatskanzlei und Bevollmächtigter des Landes beim Bund;6/12/12;9/26/14;Minister für Inneres und Bundesangelegenheiten ;government;;9/26/14;;;;;;;Kabinett Albig;Schleswig-Holstein;Landesregierung
Schleswig-Holstein;Thomas Losse-Müller;Staatskanzlei Schleswig-Holstein;government;Chef der Staatskanzlei und Bevollmächtigter des Landes beim Bund;9/26/14;;;;;;;;;;;;Kabinett Albig;Schleswig-Holstein;Landesregierung
Schleswig-Holstein;Robert Habeck;Staatskanzlei Schleswig-Holstein;government;Erster Stellvertreter des Ministerpräsidenten;6/12/12;;;;;;;GRÜNE;Mitglied;;;;Kabinett Albig;Schleswig-Holstein;Landesregierung
Schleswig-Holstein;Anke Spoorendonk;Staatskanzlei Schleswig-Holstein;government;Zweite Stellvertreterin des Ministerpräsidenten;6/12/12;;;;;;;SSW;Mitglied;;;;Kabinett Albig;Schleswig-Holstein;Landesregierung
Schleswig-Holstein;Andreas Breitner ;Ministerium für Inneres und Bundesangelegenheiten Schleswig-Holstein;government;Minister für Inneres und Bundesangelegenheiten ;6/12/12;9/25/14;;;;;;SPD;Mitglied;;;;Kabinett Albig;Schleswig-Holstein;Landesregierung
Schleswig-Holstein;Bernd Küpperbusch;Ministerium für Inneres und Bundesangelegenheiten Schleswig-Holstein;government;Staatssekretär;6/12/12;;;;;;;;;;;;Kabinett Albig;Schleswig-Holstein;Landesregierung
Schleswig-Holstein;Anke Spoorendonk;Ministerium für Justiz, Europa und Kultur Schleswig-Holstein;government;Ministerin für Justiz, Europa und Kultur ;6/12/12;;;;;;;SSW;Mitglied;;;;Kabinett Albig;Schleswig-Holstein;Landesregierung
Schleswig-Holstein;Eberhard Schmidt-Elsaeßer;Ministerium für Justiz, Europa und Kultur Schleswig-Holstein;government;Staatssekretär;6/12/12;;;;;;;;;;;;Kabinett Albig;Schleswig-Holstein;Landesregierung
Schleswig-Holstein;Monika Heinold;Finanzministerium Schleswig-Holstein;government;Finanzministerin Schleswig-Holstein;6/12/12;;;;;;;GRÜNE;Mitglied;;;;Kabinett Albig;Schleswig-Holstein;Landesregierung
Schleswig-Holstein;Thomas Losse-Müller ;Finanzministerium Schleswig-Holstein;government;Staatssekretär;6/12/12;9/26/14;;;;;;;;;;;Kabinett Albig;Schleswig-Holstein;Landesregierung
Schleswig-Holstein;Philipp Nimmermann;Finanzministerium Schleswig-Holstein;government;Staatssekretär;10/20/14;;;;;;;;;;;;Kabinett Albig;Schleswig-Holstein;Landesregierung
Schleswig-Holstein;Reinhard Meyer;Ministerium für Wirtschaft, Arbeit, Verkehr und Technologie Schleswig-Holstein;government;Minister für Wirtschaft, Arbeit, Verkehr und Technologie ;6/12/12;;;;;;;SPD;Mitglied;;;;Kabinett Albig;Schleswig-Holstein;Landesregierung
Schleswig-Holstein;Frank Nägele;Ministerium für Wirtschaft, Arbeit, Verkehr und Technologie Schleswig-Holstein;government;Staatssekretär;6/12/12;;;;;;;;;;;;Kabinett Albig;Schleswig-Holstein;Landesregierung
Schleswig-Holstein;Ralph Müller-Beck;Ministerium für Wirtschaft, Arbeit, Verkehr und Technologie Schleswig-Holstein;government;Staatssekretär;6/12/12;;;;;;;;;;;;Kabinett Albig;Schleswig-Holstein;Landesregierung
Schleswig-Holstein;Kristin Alheit;"Ministerium für Soziales, Gesundheit, Wissenschaft und Gleichstellung Schleswig-Holstein";government;"Ministerin für Soziales, Gesundheit, Wissenschaft und Gleichstellung";6/12/12;;;;;;;SPD;Mitglied;;;;Kabinett Albig;Schleswig-Holstein;Landesregierung
Schleswig-Holstein;Anette Langner;"Ministerium für Soziales, Gesundheit, Wissenschaft und Gleichstellung Schleswig-Holstein";government;Staatssekretärin;6/12/12;;;;;;;;;;;;Kabinett Albig;Schleswig-Holstein;Landesregierung
Schleswig-Holstein;Rolf Fischer;"Ministerium für Soziales, Gesundheit, Wissenschaft und Gleichstellung Schleswig-Holstein";government;Staatssekretär;6/12/12;;;;;;;;;;;;Kabinett Albig;Schleswig-Holstein;Landesregierung
Schleswig-Holstein;Robert Habeck;Ministerium für Energiewende, Landwirtschaft, Umwelt und ländliche Räume Schleswig-Holstein;government;Minister für Energiewende, Landwirtschaft, Umwelt und ländliche Räume;6/12/12;;;;;;;GRÜNE;Mitglied;;;;Kabinett Albig;Schleswig-Holstein;Landesregierung
Schleswig-Holstein;Ingrid Nestle;Ministerium für Energiewende, Landwirtschaft, Umwelt und ländliche Räume Schleswig-Holstein;government;Staatssekretärin;6/12/12;;;;;;;;;;;;Kabinett Albig;Schleswig-Holstein;Landesregierung
Schleswig-Holstein;Silke Schneider;Ministerium für Energiewende, Landwirtschaft, Umwelt und ländliche Räume Schleswig-Holstein;government;Staatssekretärin;6/12/12;;;;;;;;;;;;Kabinett Albig;Schleswig-Holstein;Landesregierung
Schleswig-Holstein;Waltraud Wende ;"Ministerium für Schule und Berufsbildung Schleswig-Holstein";government;"Ministerin für Schule und Berufsbildung";6/12/12;9/12/14;;;;;;;;;;;Kabinett Albig;Schleswig-Holstein;Landesregierung
Schleswig-Holstein;Britta Ernst ;"Ministerium für Schule und Berufsbildung Schleswig-Holstein";government;"Ministerin für Schule und Berufsbildung";9/16/14;;;;;;;SPD;Mitglied;;;;Kabinett Albig;Schleswig-Holstein;Landesregierung
Schleswig-Holstein;Dirk Loßack;"Ministerium für Schule und Berufsbildung Schleswig-Holstein";government;Staatssekretär;6/12/12;;;;;;;;;;;;Kabinett Albig;Schleswig-Holstein;Landesregierung
Bremen;Jens Böhrnsen;Senat der Hansestadt Bremen;government;Bürgermeister und Präsident des Senats;6/30/11;;Senat der Hansestadt Bremen;government;Senator für Kultur und kirchliche Angelegenheiten;6/30/11;;SPD;Mitglied;;;;Kabinett Böhrnsen lll;Bremen;Landesregierung
Bremen;Karoline Linnert;Senat der Hansestadt Bremen;government;"Bürgermeisterin und Senatorin für Finanzen";6/30/11;;Senat der Hansestadt Bremen;government;Senatskommissarin für den Datenschutz;6/30/11;;Bündnis 90/Die Grünen;Mitglied;;;;Kabinett Böhrnsen lll;Bremen;Landesregierung
Bremen;Ulrich Mäurer;Senat der Hansestadt Bremen;government;Senator für Inneres und Sport;6/30/11;;;;;;;SPD;Mitglied;;;;Kabinett Böhrnsen lll;Bremen;Landesregierung
Bremen;Renate Jürgens-Pieper;Senat der Hansestadt Bremen;government;Senatorin für Bildung, Wissenschaft und Gesundheit;6/30/11;12/13/12;;;;;;SPD;Mitglied;;;;Kabinett Böhrnsen lll;Bremen;Landesregierung
Bremen;Eva Quante-Brandt;Senat der Hansestadt Bremen;government;Senatorin für Bildung und Wissenschaft ;12/13/12;;;;;;;SPD;Mitglied;;;;Kabinett Böhrnsen lll;Bremen;Landesregierung
Bremen;Hermann Schulte-Sasse;Senat der Hansestadt Bremen;government;Senator für Gesundheit;12/13/12;;;;;;;parteilos;Mitglied;;;;Kabinett Böhrnsen lll;Bremen;Landesregierung
Bremen;Anja Stahmann;Senat der Hansestadt Bremen;government;Senatorin für Soziales, Kinder, Jugend und Frauen;6/30/11;;Senat der Hansestadt Bremen;government;Senatskommissarin für die Verwirklichung der Gleichberechtigung der Frau;6/30/11;;Bündnis 90/Die Grünen;Mitglied;;;;Kabinett Böhrnsen lll;Bremen;Landesregierung
Bremen;Joachim Lohse;Senat der Hansestadt Bremen;government;Senator für Umwelt, Bau und Verkehr;6/30/11;;;;;;;Bündnis 90/Die Grünen;Mitglied;;;;Kabinett Böhrnsen lll;Bremen;Landesregierung
Bremen;Martin Günthner;Senat der Hansestadt Bremen;government;Senator für Wirtschaft, Arbeit und Häfen;6/30/11;;Senat der Hansestadt Bremen;government;Senator für Justiz und Verfassung;6/30/11;;SPD;Mitglied;;;;Kabinett Böhrnsen lll;Bremen;Landesregierung
Bremen;Eva Quante-Brandt;Senat der Hansestadt Bremen;government;Bevollmächtigte der Freien Hansestadt Bremen beim Bund und für Europa;6/30/11;12/13/12;Senat der Hansestadt Bremen;government;Staatsrätin für Bundesangelegenheiten, Europa und Integration;6/30/11;;SPD;Mitglied;;;;Kabinett Böhrnsen lll;Bremen;Landesregierung
Bremen;Ulrike Hiller;Senat der Hansestadt Bremen;government;Bevollmächtigte der Freien Hansestadt Bremen beim Bund und für Europa;12/13/12;;Senat der Hansestadt Bremen;government;Staatsrätin für Bundesangelegenheiten, Europa und Integration;12/13/12;;SPD;Mitglied;;;;Kabinett Böhrnsen lll;Bremen;Landesregierung
Hamburg;Olaf Scholz;Senat der Hansestadt Hamburg;government;Präsident des Senats und Erster Bürgermeister;3/7/11;;;;;;;SPD;Mitglied;;;;Kabinett Scholz;Hamburg;Landesregierung
Hamburg;Christoph Krupp;Senat der Hansestadt Hamburg;government;Staatsrat;3/7/11;;Senat der Hansestadt Hamburg;government;Chef der Senatskanzlei;;;SPD;Mitglied;;;;Kabinett Scholz;Hamburg;Landesregierung
Hamburg;Wolfgang Schmidt ;Senat der Hansestadt Hamburg;government;Staatsrat;3/7/11;;Senat der Hansestadt Hamburg;government;Bevollmächtigter beim Bund, bei der EU und für auswärtige Angelegenheiten;;;SPD;Mitglied;;;;Kabinett Scholz;Hamburg;Landesregierung
Hamburg;Bettina Lentz;Senat der Hansestadt Hamburg;government;Staatsrätin;3/7/11;;;;;;;SPD;Mitglied;;;;Kabinett Scholz;Hamburg;Landesregierung
Hamburg;Dorothee Stapelfeldt;Senat der Hansestadt Hamburg;government;Zweite Bürgermeisterin;3/23/11;;;;;;;SPD;Mitglied;;;;Kabinett Scholz;Hamburg;Landesregierung
Hamburg;Dorothee Stapelfeldt;Senat der Hansestadt Hamburg;government;Senator für Wissenschaft und Forschung;3/23/11;;;;;;;SPD;Mitglied;;;;Kabinett Scholz;Hamburg;Landesregierung
Hamburg;Kristina Böhlke;Senat der Hansestadt Hamburg;government;Staatsrätin;3/23/11;;;;;;;SPD;Mitglied;;;;Kabinett Scholz;Hamburg;Landesregierung
Hamburg;Ties Rabe;Senat der Hansestadt Hamburg;government;Senator für Schule und Berufsbildung;3/23/11;;;;;;;SPD;Mitglied;;;;Kabinett Scholz;Hamburg;Landesregierung
Hamburg;Michael Voges;Senat der Hansestadt Hamburg;government;Staatsrat;3/23/11;;;;;;;SPD;Mitglied;;;;Kabinett Scholz;Hamburg;Landesregierung
Hamburg;Michael Neumann;Senat der Hansestadt Hamburg;government;Senator für Inneres und Sport;3/23/11;;;;;;;SPD;Mitglied;;;;Kabinett Scholz;Hamburg;Landesregierung
Hamburg;Volker Schiek;Senat der Hansestadt Hamburg;government;Staatsrat;3/23/11;;;;;;;SPD;Mitglied;;;;Kabinett Scholz;Hamburg;Landesregierung
Hamburg;Karl Schwinke;Senat der Hansestadt Hamburg;government;Staatsrat;3/23/11;;;;;;;SPD;Mitglied;;;;Kabinett Scholz;Hamburg;Landesregierung
Hamburg;Peter Tschentscher;Senat der Hansestadt Hamburg;government;Finanzsenator;3/23/11;;;;;;;SPD;Mitglied;;;;Kabinett Scholz;Hamburg;Landesregierung
Hamburg;Jens Lattmann;Senat der Hansestadt Hamburg;government;Staatsrat;3/23/11;;;;;;;SPD;Mitglied;;;;Kabinett Scholz;Hamburg;Landesregierung
Hamburg;Frank Horch;Senat der Hansestadt Hamburg;government;Senator für Wirtschaft, Verkehr und Innovation;3/23/11;;;;;;;;;;;;Kabinett Scholz;Hamburg;Landesregierung
Hamburg;Bernd Egert;Senat der Hansestadt Hamburg;government;Staatsrat;3/23/11;;;;;;;SPD;Mitglied;;;;Kabinett Scholz;Hamburg;Landesregierung
Hamburg;Andreas Rieckhof;Senat der Hansestadt Hamburg;government;Staatsrat;3/23/11;;;;;;;SPD;Mitglied;;;;Kabinett Scholz;Hamburg;Landesregierung
Hamburg;Jutta Blankau;Senat der Hansestadt Hamburg;government;Senator für Stadtentwicklung und Umwelt;3/23/11;;;;;;;SPD;Mitglied;;;;Kabinett Scholz;Hamburg;Landesregierung
Hamburg;Michael Sachs;Senat der Hansestadt Hamburg;government;Staatsrat;3/23/11;;;;;;;SPD;Mitglied;;;;Kabinett Scholz;Hamburg;Landesregierung
Hamburg;Holger Lange;Senat der Hansestadt Hamburg;government;Staatsrat;3/23/11;;;;;;;SPD;Mitglied;;;;Kabinett Scholz;Hamburg;Landesregierung
Hamburg;Jana Schiedek;Senat der Hansestadt Hamburg;government;Senator für Justiz und Gleichstellung;3/23/11;;;;;;;SPD;Mitglied;;;;Kabinett Scholz;Hamburg;Landesregierung
Hamburg;Ralf Kleindiek;Senat der Hansestadt Hamburg;government;Staatsrat;3/23/11;1/1/14;;;;;;SPD;Mitglied;;;;Kabinett Scholz;Hamburg;Landesregierung
Hamburg;Dr. Nikolas Hill ;Senat der Hansestadt Hamburg;government;Staatsrat;3/23/11;1/1/14;;;;;;CDU;Mitglied;;;;Kabinett Scholz;Hamburg;Landesregierung
Hamburg;Detlef Scheele;Senat der Hansestadt Hamburg;government;Senator für Arbeit, Soziales, Familie und Integration;3/23/11;;;;;;;SPD;Mitglied;;;;Kabinett Scholz;Hamburg;Landesregierung
Hamburg;Jan Pörksen;Senat der Hansestadt Hamburg;government;Staatsrat;3/23/11;;;;;;;SPD;Mitglied;;;;Kabinett Scholz;Hamburg;Landesregierung
Hamburg;Cornelia Prüfer-Storcks;Senat der Hansestadt Hamburg;government;Senator für Gesundheit und Verbraucherschutz;3/23/11;;;;;;;SPD;Mitglied;;;;Kabinett Scholz;Hamburg;Landesregierung
Hamburg;Elke Badde;Senat der Hansestadt Hamburg;government;Staatsrätin;3/23/11;;;;;;;SPD;Mitglied;;;;Kabinett Scholz;Hamburg;Landesregierung
Hamburg;Barbara Kisseler;Senat der Hansestadt Hamburg;government;Kultursenator;3/23/11;;;;;;;;;;;;Kabinett Scholz;Hamburg;Landesregierung
Brandenburg;Dietmar Woidke;Staatskanzlei Brandenburg;government;Ministerpräsident;11/5/14;;;;;;;SPD;Mitglied;;;;Kabinett Woidke II;Brandenburg;Landesregierung
Brandenburg;Rudolf Zeeb;Staatskanzlei Brandenburg;government;Staatssekretär;11/5/14;;Chef der Staatskanzlei;government;11/5/14;;;SPD;Mitglied;;;;Kabinett Woidke II;Brandenburg;Landesregierung
Brandenburg;Thomas Kralinski ;Staatskanzlei Brandenburg;government;Staatssekretär;11/5/14;;Bevollmächtigter beim Bund;government;11/5/14;;;SPD;Mitglied;;;;Kabinett Woidke II;Brandenburg;Landesregierung
Brandenburg;Christian Görke;Staatskanzlei Brandenburg;government;Stellvertretender Ministerpräsident;11/5/14;;;;;;;DIE LINKE;Mitglied;;;;Kabinett Woidke II;Brandenburg;Landesregierung
Brandenburg;Karl-Heinz Schröter;Ministerium für Inneres und Kommunales Brandenburg;government;Minister für Inneres und Kommunales;11/5/14;;;;;;;SPD;Mitglied;;;;Kabinett Woidke II;Brandenburg;Landesregierung
Brandenburg;Arne Feuring;Ministerium für Inneres und Kommunales Brandenburg;government;Staatssekretär;11/5/14;;;;;;;;;;;;Kabinett Woidke II;Brandenburg;Landesregierung
Brandenburg;Christian Görke;Finanzministerium Brandenburg;government;Finanzminister ;11/5/14;;;;;;;DIE LINKE;Mitglied;;;;Kabinett Woidke II;Brandenburg;Landesregierung
Brandenburg;Daniela Trochowski;Finanzministerium Brandenburg;government;Staatssekretärin;11/5/14;;;;;;;DIE LINKE;Mitglied;;;;Kabinett Woidke II;Brandenburg;Landesregierung
Brandenburg;Helmuth Markov;Ministerium für Justiz, Europa und Verbraucherschutz Brandenburg;government;Minister für Justiz, Europa und Verbraucherschutz;11/5/14;;;;;;;DIE LINKE;Mitglied;;;;Kabinett Woidke II;Brandenburg;Landesregierung
Brandenburg;Ronald Pienkny ;Ministerium für Justiz, Europa und Verbraucherschutz Brandenburg;government;Finanzminister ;11/5/14;;;;;;;;;;;;Kabinett Woidke II;Brandenburg;Landesregierung
Brandenburg;Anne Quart ;Ministerium für Justiz, Europa und Verbraucherschutz Brandenburg;government;Staatssekretärin;11/5/14;;;;;;;;;;;;Kabinett Woidke II;Brandenburg;Landesregierung
Brandenburg;Albrecht Gerber;Ministerium für Wirtschaft und Energie Brandenburg;government;Minister für Wirtschaft und Energie;11/5/14;;;;;;;SPD;Mitglied;;;;Kabinett Woidke II;Brandenburg;Landesregierung
Brandenburg;Hendrik Fischer;Ministerium für Wirtschaft und Energie Brandenburg;government;Staatssekretär;11/5/14;;;;;;;;;;;;Kabinett Woidke II;Brandenburg;Landesregierung
Brandenburg;Diana Golze;Ministerium für Arbeit, Soziales, Gesundheit, Frauen und Familie Brandenburg;government;Ministerin für Arbeit, Soziales, Gesundheit, Frauen und Familie;11/5/14;;;;;;;DIE LINKE;Mitglied;;;;Kabinett Woidke II;Brandenburg;Landesregierung
Brandenburg;Almuth Hartwig-Tiedt;Ministerium für Arbeit, Soziales, Gesundheit, Frauen und Familie Brandenburg;government;Staatssekretärin;11/5/14;;;;;;;DIE LINKE;Mitglied;;;;Kabinett Woidke II;Brandenburg;Landesregierung
Brandenburg;Jörg Vogelsänger;Ministerium für ländliche Entwicklung, Umwelt und Landwirtschaft Brandenburg;government;Minister für ländliche Entwicklung, Umwelt und Landwirtschaft ;11/5/14;;;;;;;SPD;Mitglied;;;;Kabinett Woidke II;Brandenburg;Landesregierung
Brandenburg;Carolin Schilde;Ministerium für ländliche Entwicklung, Umwelt und Landwirtschaft Brandenburg;government;Staatssekretärin;11/5/14;;;;;;;;;;;;Kabinett Woidke II;Brandenburg;Landesregierung
Brandenburg;Günter Baaske;Ministerium für Bildung, Jugend und Sport Brandenburg;government;Minister für Bildung, Jugend und Sport;11/5/14;;;;;;;SPD;Mitglied;;;;Kabinett Woidke II;Brandenburg;Landesregierung
Brandenburg;Thomas Drescher;Ministerium für Bildung, Jugend und Sport Brandenburg;government;Staatssekretär;11/5/14;;;;;;;;;;;;Kabinett Woidke II;Brandenburg;Landesregierung
Brandenburg;Sabine Kunst;Miniserium für Wissenschaft, Forschung und Kultur Brandenburg;government;Miniserin für Wissenschaft, Forschung und Kultur;11/5/14;;;;;;;SPD;Mitglied;;;;Kabinett Woidke II;Brandenburg;Landesregierung
Brandenburg;Martin Gorholt;Miniserium für Wissenschaft, Forschung und Kultur Brandenburg;government;Staatssekretär;11/5/14;;;;;;;SPD;Mitglied;;;;Kabinett Woidke II;Brandenburg;Landesregierung
Brandenburg;Kathrin Schneider;Ministerium für Infrastruktur und Landesplanung Brandenburg;government;Ministerin für Infrastruktur und Landesplanung;11/5/14;;;;;;;;;;;;Kabinett Woidke II;Brandenburg;Landesregierung
Brandenburg;Katrin Lange;Ministerium für Infrastruktur und Landesplanung Brandenburg;government;Staatssekretärin;11/5/14;;;;;;;SPD;Mitglied;;;;Kabinett Woidke II;Brandenburg;Landesregierung