name	mitarbeiter	kunden	bestandteil	homepage	quelle	tags
Pardrei - Kommunikation in Politik, Wirtschaft und Gesellschaft	Oliver Neumann		Degepol, Kompetenzzentrum für politische Dialogkommunikation, Institut Inam	http://www.pardrei.de	http://www.pardrei.de	PR- und Lobbyagentur
Bohnen Kallmorgen und Partner	Johannes Bohnen, Jan-Friedrich Kallmorgen, Joachim Bitterlich, Andreas Beckmann, Norbert Baas, Otto Bernhardt, Eberhard Sandschneider, Rüdiger Lentz	ABP Investments, AUMA - Dachverband der deutschen Messen, Auswärtiges Amt, AXA Private Equity, Blumberg Capital, Bridgepoint, Bundeskanzleramt, BMBF - Bundesministerium für Bildung und Forschung, Bundesverband der MusikindustrieDeutsche Annington Immobiliengruppe, ASU - Die Familienunternehmer, Earlybird, Ebay, Fidelity, GSK - Glaxosmithkline, Global Tech Offshore Wind GmbH, Handelskammer Bremen, Hermes Fund Manager, Liberty GlobalNBIM, Paypal, PGGM, Sony, Unicredit / Hypovereinsbank, Union Investment, Universal Music, Verband der Zeitschriftenverleger		http://www.bohnen-kallmorgen.com/	http://www.bohnen-kallmorgen.com/	PR- und Lobbyagentur, Non Toxic Solar Alliance
The Diplomatic Economist	Carl Caspar Jürgens, Stefan Sorin Muresan	Erzet, RM Rudolf Jäger, Deutsche Bundesbank, KHD Humboldt Wedag 		http://www.diplomatic-economist.eu/	http://www.diplomatic-economist.eu/	PR- und Lobbyagentur
ADVICEPARTNERS	Sebastian Frevel, Matthias Spangenberg, Thorsten Hofmann, Julia Thielicke	Initiative Geldkarte e.V., Lekkerland, Paysafecard, Prepaid Forum Deutschland e.V.	GPRA	http://www.advicepartners.de		PR- und Lobbyagentur
CNC - Communications & Network Consulting	Hanns Glatz, Andrea Brost, Christoph Walther, Bernhard Meising, Xander Heijnen, Otto Fricke, Siegmar Mosdorf, Mareike Noll, Knut Engelmann, Harald Kinzler, Ulrich von Rotenhan	BRITA GmbH, Philip Morris, ADAC, 	MSLGroup	http://www.cnc-communications.com	http://www.wuv.de/agenturen/adac_holt_cnc_communications_fuer_krisen_pr	PR- und Lobbyagentur
Dr. Koch Consulting	Hubert Koch	European Alliance for Technical Non-Smoker Protection, FIT Europe, Petrotec AG, Verband Privater Bauherren e.V., asecos GmbH, ADAC, AvD - Automobilclub von Deutschland, BMW, BDÜ - Bundesverband der Dolmetscher und Übersetzer, Continental, DSO - Deutsche Stiftung Organtransplantation, DVR - Deutscher Verkehrssicherheitsrat, EVVC - Europäischer Verband der Veranstaltungs-Centren, GDV - Gesamtverband der Deutschen Versicherungswirtschaft, Harley Davidson, KWS Saat, MvaK - Mittelstandsverband abfallbasierter Kraftstoffe, Solvay AG, Temco, Vogel Auto Medien		http://www.koch-consulting.de	http://www.koch-consulting.de	PR- und Lobbyagentur
EHRENBERG Kommunikation	Magnus Ehrenberg, Tim Kötting, Matthias Mies	Scandlines, Aarhus Havn, Danske Færger, Stena Line		http://www.ehrenberg-kommunikation.com	http://www.ehrenberg-kommunikation.com	PR- und Lobbyagentur, Tourismus, Skandinavien, Lifestyle, Transport
Euro PA	Sören Haar	ECS, Miller-Meier, Brain&more, FVDZ		http://www.euro-public-affairs.com		PR- und Lobbyagentur
Hering Schuppener	Ralf Hering, Bernd Schuppener, Alexander Geiser, Sabine Hahn, Tina Mentner, Horst-H. Müther, Matthias Poth, Janine Döring, Folker Dries, Brigitte von Haacke, Georg Jakobs, Phoebe Kebbel, Felix Schönauer, Bettina Fries, Katrin Häbel, Andrejka Hage, Philipp Halstrick, Sebastian Krämer-Bach, Dirk von Manikowsky, Claudia Orth, Volker Pulskamp, Christopher Storck, Katharina Tolkmitt, Marlies Peine, Martina Bauer, Tatiana Belgorodski, Sylvia Berndt, Björn Härtel, Jan Hiesserich, Sandra Welling-Monteiro, Karin Pechermeyer, Christian Falkowski, Matthis Kaiser, Alex Seiler, Tasso Enzweiler, Christoph Bertram, Björn Binder, Hans Martin Bury, Biancastella de Angelis, Julian Jacobitz, Henriette Peucker, Benjamin Schröter, Marc Theurer	Fontem Ventures, Deutsche Bank, Canadian Solar, Carlyle Group, Duales System Deutschland, EWE, Hella, Honeywell, ista, KKR, Suntech, ThyssenKrupp, Trina Solar, Yingli, EnBW, Vorwerk, Korkverband Portugal, KKR, Wincor Nixdorf, MTU, Demag, ProSiebenSat1, Kion	WPP Group	http://www.heringschuppener.com/en/home	https://lobbypedia.de/wiki/Hering_Schuppener	PR- und Lobbyagentur
LNE Group	Francois-Xavier Chevallerau, Manuel Lianos	Emerson, Ferro, Goodyear, Magnum Hunter, NXP, Parker, RPM, Zimmer, KPMG		http://www.lnegroup.eu/	http://www.lnegroup.eu/	PR- und Lobbyagentur
peopol	Alexander Schelhase	Infineon Technologies AG		http://www.peopol.eu	http://ec.europa.eu/transparencyregister/public/consultation/displaylobbyist.do?id=47831085867-54&locale=de	PR- und Lobbyagentur
Simply Europe	Hermann Drummer, Oliver Mayer	ABP, BAT, ERGO, Fraport, Kapsch, Pass+Co, VAD		http://www.simply-europe.eu	http://ec.europa.eu/transparencyregister/public/consultation/displaylobbyist.do?id=78575056586-62&locale=de	PR- und Lobbyagentur
Orca Affairs	Michael T. Schröder, Thomas Möller	Actium, Auswärtiges Amt, Berlin Capital Club, Berlin, Bundesministerium für Bildung und Forschung, Bundesministerium für Ernährung Landwirtschaft und Verbraucherschutz, Bundesministerium für Familie Senioren Frauen und Jugend, Bundesministerium für für Verkehr, Bundesministerium für Wirtschaft und Technologie, Bundespressekonferenz, Bundeszentrale für politische Bildung, BZgA - Bundeszentrale für gesundheitliche Aufklärung, BStBK Bundessteuerberaterkammer, Düring, CES - European Silicones Centre, Charité, dena - Deutsche Energie Agentur, Deutscher Feuerwehrverband, Initiative Deutsche Manufakturen, Bundesministerium für Infrastruktur und Landwirtschaft, Siemens, XVIDA, ZVEI - Zentralverband der Elektroenergie, Situs		http://www.orca-affairs.de	http://www.orca-affairs.de	PR- und Lobbyagentur
Miller & Meier Consulting	Dominik Meier, Patrick Spengler, Frederike Masemann, Tarik Shah			http://www.miller-meier.de/		PR- und Lobbyagentur, Pharma, IT, Chemie, Gesundheit
Ketchum Pleon Berlin	Dirk Popp, Arne Wiechmann, Thomas Helm, Horst Wettlaufer, Sabine Hückmann, Peter Strieder, Joachim Klewes, Paul J. Kohtes	Novartis, Bosch	DAS, Omnicom	http://www.ketchum.com	http://www.ketchum.com	PR- und Lobbyagentur
Johanssen + Kretschmer	Heiko Kretschmer, Matthias Bischof, Lars Kühn, Klaus Lintemeier	WWF, SPD, Bundesministerium für Ernährung Landwirtschaft und Verbraucherschutz, Drewag, entega, MoMa, Veolia, Natur Energie Plus Ärzte ohne Grenzen, Cura 		http://www.jk-kom.de/	http://www.jk-kom.de/	PR- und Lobbyagentur
APCO Worldwide	Christoph Mielke, Robert Ardelt, Clemens John, Johann Voss, Nadine Meliß, Kathrin Kloppe	Ikea, Microsoft, Novartis, United Airlines, GE, Philip Morris, Yukos, Kasachstan, Malaysia, United Nations Foundation, Sprint		http://www.apcoworldwide.com	http://lobbypedia.de/wiki/APCO_Worldwide	PR- und Lobbyagentur
WilmerHale	Martin Braun, Christian Crones, Christofer Eggers, Jan Heithecker, Hans-Georg Kamann, Alexander Kollmorgen, Reinhart Lange, Stefan Ohlhoff, Ulrich Quack, Klaus Schubert, Franz T. Schwarz, Martin Seyfarth, Roland Steinmeyer, Holger Thomas, Paul A. von Hehn, Matthias Santelmann, Matthias Wissmann, Claus-Dieter Ehlermann, Reinfrid Fischer, Hanns-Eberhard Schleyer, Oliver Fleischmann, Peter Gey, Michelle Glassman Bock, Rebekka Hye-Knudsen, Michael Melber, Eva Schalast, Julia Schwalm, Patrick Späth, Golo Weidmann, Olaf Weiß, Jan-S. Wendler, Natalie Achenbach, Julia Goetz, Christoph Harler, Tobias Henn, Ines Krolop, Christian Müller, Mathias Neubauer, Katrin Schürmann, Regina Klostermann, Johannes Müller, Christina Pape, Ramona Ruf, Annette Rutz, Christian Schwedler, Johannes Ylinen, Marcus Lutter	Akamai Technologies, Amdocs, Analog Devices, AT&T, Bayer, Boeing, Becton, Dickinson, BJ’s, Wholesale Club, Bose, Broadcom, Cephalon, Citigroup, Credit Suisse, Chrysler, Lehman Brothers, Danaher, Die Bahn, Deutsche Bank, Telekom, Educational Testing Service, EMC, General Electric, Goldman Sachs, The Hartford Financial Group, Honda, HSBC Finance, JPMorgan Chase, Kodak, ThyssenKrupp, Lufthansa, Millennium Pharmaceuticals, Monsanto, Morgan Stanley, Novartis, Oracle, Panera Bread, PerkinElmer, Pfizer, Philips, Procter & Gamble, Red Hat, Siemens, Staples, Statoil, Sun Life Financial, Thermo, Fisher Scientific, UBS, Varian Semiconductor, WebMD, Wyeth, Yankee Candle 		http://www.wilmerhale.de/	https://lobbypedia.de/wiki/WilmerHale	PR- und Lobbyagentur, Anwaltskanzlei, Medien, Transport, Logistik, Finanzdienstleistungen
H&K Hill+Knowlton Strategies	Ernst Primosch, Udo Becker, Thomas Wimmer	Twentieth Century Fox, Yahoo, Ford, Nestle, Airtel, Aisle Avant Garde, Almond Board of California, Merck, Procter & Gamble, USA, China, Ägypten, Bold, Dolby Laboratories, AOSC, Athabasca Oil Sands Corporation, Tree Top Goods, Cliffs Natural Resources, Chevron, Holiday Inn, Vattenfall, Deloitte Banking, Adobe, Duracell, Sun Microsystems, Canada Post, Red Bull, PepsiCo, Bill & Melinda Gates Foundation, Neuseeland, Tata, Paper Mate, Johnson & Johnson, War Child Canada, Comet, Hotel Indigo, Korean Lottery Commission, Lush Cosmetics, First Data, Mashreq, Dubai, Abu Dhabi, Nokia, Qualcomm, Giro d’Italia, Gedeon Richter, Reebok, Sangari Institute, Sharp, Crowne Plaza, DHL, TomTom, Red Roof Inn, Pringles, Adidas, Großbritannien, Philip Morris, The Body Shop, De Beers, Botswana, Debswana, IMF - Internationaler Währungsfonds, 321 Studios, 5-a-Day, AIG Consultants, American Heart Association, Applied DNA Sciences Inc., Arby’s, Australien, Avaya, Boeing, Blue Cult, Bowne Global Solutions, Brightmail, Center for International Disaster Information, Cigar Assn. of America, Clarinol CLA, Enron Corporation, Japan, Diamond Works, Diamond Trading Company, Cotton Ginny, Eisai, Energem, Evergreen International Aviation, Factiva, Florida Hospital Assn., GFI Group, GlaxoSmithKline, HP Hewlett Packard, Identrus, Indien, Inrange Technologies, Kellogg Company, Kidney Care Partners, Labatt Breweries, Motorola, Frank Murkowski, National Information Program on Antibiotics, NextWave Telecom, Nuclear Energy Institute, O'Melveny & Myers LLP, Ontario, PIMCO, Pasadena Tournament of Roses Assn., Play.com, Project Better Place, Purolator, Samcor, Sankyo, Saudi Arabien, Sino-Forest Corp., Sport Englad, StorageTek, Teilhard Technologies, TeleSym, Uganda, Unilever Bestfoods, Victhom Human Bionics, Vietnam, Virgin Mobile, Wal-Mart, Church of Scientology, Türkei, Malediven, BCCI - Bank of Credit and Commerce International, ANGA - America's Natural Gas Alliance	WPP Group	http://www.hkstrategies.de/de	http://www.hkstrategies.com/expertise/case-studies	PR- und Lobbyagentur
FischerAppelt	Bernhard Fischer-Appelt, Franziska von Lewinski, Frank Behrendt, Andreas Fischer-Appelt, Adel Gelbert, Andreas Haas, Dino Büscher, Marius Voigt, Sabine Reinstädler, Steffen Schulik-Feddersen, Philipp Wittgenstein, Mirco Völker	Daimler, Mercedes-Benz, congstar, Gazprom, LEGO, Merck, Olympus, Katar, Intersolar, Kfw, ZVEI, BVT, DP - Demokratesch Partei Luxemburg, matratzen direct, AEG, Bree, Kraft, Mondelez, Tagesschau, CosmosDirekt, HILTI, Danone, Sachsen-Anhalt, ARD Fernsehlotterie, Deutsche Post, Generali, CHIP, Allianz, Diakonie, Axel-Springer-Verlag, Windenergieagentur WAB, Bundesministerium der Finanzen, Zoll, Niedersachsen, Burda-Verlag, Techniker Krankenkasse, Baden-Württemberg, Bosch, Bundesverkehrsministerium, Yahoo, A. Lange & Söhne, Weber, Bundesagentur für Arbeit, Hapag Lloyd, Letzebuerger Journal, LEGO, Easyjet, Telekom, TUI, Sachsen, Hamburg, 		http://www.fischerappelt.de	http://www.fischerappelt.de	PR- und Lobbyagentur
Aspect Consulting	Corinna Schubert, James Hunt, Frans Green, Martin Light	FedEX, AkzoNobel, Symantec, Organon, Gruenenthal, PharmaZell, Schottland, Shell, McDonalds, Kellogg’s, DSM, FoodDrinkEurope, CEEREAL, EWEA, BHP Billiton Diamonds, P&G - Procter & Gamble, Royal DSM, Eurostar, Amway, Telefunken, AEG, Forrester Research		http://www.aspectconsulting.eu/	http://www.aspectconsulting.eu	PR- und Lobbyagentur
Burson-Marsteller	Alexander Fink, David Earnshaw, Karen Massin, Christian Thams, Anita Wälz, Jutta Falke-Ischinger, Christoph Schupp	BSEF - Bromine Science and Environmental Forum, H LUNDBECK, Bayer Schering Pharma, Initiative for a Competitive Online Marketplace, ExxonMobil, European Peat and Growing Media Association, DTEK Holdings, Coca Cola, McDonalds, SAP, Lufthansa, Argentinien, Nigeria, Blackwater, Johnson und Johnson, Nestlé, REWE, Mastercard, Mazda, Pfizer, Danone, Fraport, Condor, Facebook, Monanto, Deutsche Bahn, Xinhua News Agency, Mexiko, Sun Microsystems, Hongkong, Rumänien, Bobcock & Wilcox, Union Carbide, Argentinien, Indonesien, Philip Morris, Nigeria, Aqua Dots, Unilever, AstraZeneca, GlaxoSmithKline, Foxconn, Dupont, Archer Daniels Midland, Exelon, Abu Dhabi, Allergan, Cephalon, Kolumbien, Entergy, HidroAysén, Hewlett Packard, Dubai, Irak, Philippinen, Qualcomm, SAP, Yukos, Sony	WPP Group	http://burson-marsteller.de/	https://lobbypedia.de/wiki/Burson-Marsteller	PR- und Lobbyagentur
g+ - Gplus	Gregor Kreuzhuber, Rita Pawelski, Daniel Florian, Nina Trofimova, Peter Guilford, Sebastian Sass, Bernard Volker	BHP Billiton, Rio Tinto, Baxter, AngloAmerican, BP Capital V.O.F., Shell, ENI Adfin SA, Repsol YPF, TOTAL, Parlevliet & Van der Plas, European Federation internationale des associations de producteurs de films, International Video Federation, International Union of Cinemas, Interactive Software Federation of Europe, Premier League/SROC, Association of Commercial Televisions in Europe, Fishburn Hedges, Danske Bank, European Lotteries, Solar Century, Suntech Power International, Svenska Spel, O2, NetJets Managment, Managed Funds Association, Vitol, Ruanda, Brussels Worldwide Services BVBA, Mission du Royaume du Maroc auprès de l'Union Européenne, RBS - The Royal Bank of Scotland, Lanxess, Canadian Solar, Yingli Green Energy International, Trina Solar, Alexion Services Europe SPRL, Exxon Mobile, Arcelor Mital, Hertz, Europcar, NPMEM, Avis, La Française des Jeux, EAEPC - European Association of Euro-Pharmaceutical Companies, Chiquita Brands International, NIS - Naftna Industrija Srbije, IMA - Investment Management Association, BG Group, Qualcomm, Equifax Limited, Confederacion Espanola de Pesca, Russland, MPA - Motion Picture Association, NBC Universal, Gazprom, Archer Daniels Midland Company		http://www.gpluseurope.com/en/	http://ec.europa.eu/transparencyregister/public/consultation/displaylobbyist.do?id=7223777790-86	PR- und Lobbyagentur
Scholz&Friends	Frank-Michael Schmidt, Kai Wolf, Niels Alzen, Klaus Dittko, Percy Smend	Opel, Deutsche Bank, Frankfurter Allgemeine Zeitung, Vodafone, Siemens, Deutsche Bahn, Tchibo, Bayer, Deka, Tom, Müller, Meßmer, Fisherman’s Freiend, Fürth, Stihl, Caparol, Volvier, Erasmo, Robinson, Mercedes Benz, VHV Versicherungen, Aperol, Axel Springer, Campari, Bundesministerium für Bildung, Europäische Komission, Charité, Quixxit, Ergo, Rewe 	WPP Group	http://www.s-f.com/	http://www.s-f.com/	PR- und Lobbyagentur
Brunswick Group	Carl Graf von Hohenthal, Dominik Cziesche, Ulrich Deupman, John-Paul Dryden, Neil McMillian	BP, Rolls Royce, EADS, Bayer, TÜV Rheinland, HSBC, Moody’s, Bank of America Merrill Lynch, Intercontinental Exchange, Peabody Energy, Newedge, BT, Edenred, Sodexo, Chèques Déjeuner	Labour Party		https://lobbypedia.de/wiki/Brunswick_Group	PR- und Lobbyagentur
Ogilvy & Mather	Thomas Strerath, Ulrich Klenke, Helmut Hechler, Larissa Pohl	Merck, Mitsubishi Pharma, Nestlé, Novartis, Pfizer, PharmaMar, Philips, Provinzial Versicherungen, Radeberger Gruppe, Sanofi, SAP, Schöffel, Siemens, Standard Life, Telefónica O2, Unilever, VW, WWF, Yello Strom, ZMG Zeitungs Marketing Gesellschaft, Becton Dickinson, Bristol-Myers Squibb, Carl Zeiss AG, Coca-Cola, Deutsche Bahn, Deutsche Bank, Deutscher Kinderschutzbund, Düsseldorfer Tafel e.V., EUMEPS, FM Global, Förderverein Kinderhospiz Düsseldorf e.V., Ford, Fraport, Fressnapf, Hitachi, Hoffmann Group, IBM, ING-DiBa, IPSEN PHARMA, JAKO-O, Johnson & Johnson, Lactalis, LG Electronics, Malteser Hilfsdienst e.V., MAN, MEDA Pharma, Media Markt, Merck, Adler Modemärkte, Almirall, Allianz, American Express, Aral, BASF, Bausparkasse Schwäbisch Hall, Bayer, Becton Dickinson, BP, Boehringer Ingelheim	WPP Group	http://www.ogilvy.com/	http://www.ogilvy.com/	PR- und Lobbyagentur
MSLGROUP	Olivier Fleurot, Wigan Salazar, Axel Wallrabenstein, Birgit Söllner, Kirsten Leinert, Martin Dohmen, Xander Hijnen	US-Army, Adidas, Amstel, BP, Chevrolet, Gilette, Google, Lufthansa, Nutella, Rebok, Randstad, Renault, Sony, Coca-Cola, Shell, Sanofi	Saatchi & Saatchi, Leo Burnett, CNC - Communications & Network Consulting AG	http://mslgroup.com	http://mslgroup.com	PR- und Lobbyagentur
Elephantlogic	Kajo Wasserhövel, Sebastian Reichel, Holger Reise	Bundesverband Windenergie, Vattenfall, Gasag, Storengy, INES – Initiative Erdgasspeicher, Deutsche Automatenwirtschaft, ZZF – Zentralverband des Zoologischen Fachhandels in Deutschland, VHW – Bundesverband Wohnen und Stadtentwicklung, Deutscher Automatenverband, SPD, Barmer GEK, Knappschaft Bahn See, Krankenhausgesellschaft Nordrhein-Westfalen KGNW, Deutsche Annington, Ambiente Kreuzfahrten, Deutsche Post, Industriegewerkschaft Bergbau Chemie Energie, Quadriga Hochschule, Friedrich-Ebert-Stifung		http://elephantlogic.de		PR- und Lobbyagentur
wbpr Public Relations	Dietrich von Gumppenberg, Markus Eicher	Balsen, Lidl, Evonik, FSA - Arzneimittelindustrie, BVL - Bundesvereinigung Logistik, Deutsche BKK, DAB Bank, Infineon, Open Grid Europe, Hanns Seidel Stiftung, Würth, RAG, Toasties, TÜV, Weihenstephan, Tönnies, Veolia		http://www.wbpr.de		PR- und Lobbyagentur
Schröder+Schömbs PR	Anne Fischer, Elmar von Hoesslin, Gerald Schömbs, Herbert Schmitz, Katharina Telschow, Melanie Sommer-Jöst, Michael Hetzinger	Anschutz Sports and Entertainment Group, Telekom, Nike, Fissler, Flensburger Brauerei, Franklin Marshall, Gerolsteiner, Groupon, Hard Rock Cafe, Keds, NBA, Porsche, Wranglers, Lapponia Jewelry, Videoload		http://www.schroederschoembs.com	http://www.schroederschoembs.com	PR- und Lobbyagentur, Lifestyle
Fink & Fuchs Public Relations	Stephan Fink, Alexandra Gross, Michael Grupe	Hahnemühle, Freudenberg IT, Adobe, Bundesverband der Hörgeräte-Industrie, Cisco Systems, Interxion, Computacenter, Fonic, Microsoft, Schott AG, TÜV Hessen, EMC, World Cyber Games, Immobilienscout 24		http://www.fppr.de	http://www.fppr.de	PR- und Lobbyagentur, IT
navos - Public Dialogue Consultants	Anja Schlicht, Markus Hilfe, Armin Erkens, Charlotte Hohlzum, Rebecca Ritter, Christian Simon, Antje Knollmann	Wintershall, Haltermann, digitalSTROM, TenneT, Böhringer Ingelheim	Global Communications Alliance	http://www.navos.eu	http://www.presseportal.de/pm/103585/2474165/beste-krisenkommunikation-navos-mit-pr-report-award-2013-ausgezeichnet-starkes-neugesch-ft-2013-bei	PR- und Lobbyagentur, Stakeholder-Dialog, PR, Krisenkommunikation, Public Affairs, Pharma, Öl
Deekeling Arndt Advisors	Egbert Deekeling, Olaf Arndt, Susanne Arndt, Dirk Barghop, Michael Fuchs, Volker Heck, Heiner Reiners, Lutz Zimmermann, Tiglet Aslan, Heike Humpf, Michael Pfister, Stephan Rammelt, Heiner Reiners, André Wigger, Margareta Wolf, Wolfgang Clement, Nina Hauer, Friedhelm Ost	FDP, Deutsches Atomforum, Vivawest Wohnen		http://www.deekeling-arndt.de/	https://lobbypedia.de/wiki/Deekeling_Arndt_Advisors	PR- und Lobbyagentur, Public Affairs
WMP Eurocom	Michael Inacker, Klaus-Peter Schmidt-Deguelle, Hans-Hermann Tiedje, Roland Berger, Ulrich Marseille, Hans Eichel, Reinhardt Töpel, Wendelin Wiedeking, Michael Hilbig, Friedrich-Wilhelm Kramer, Hans-Dietrich Genscher, Udo Reiter, Eckhard Cordes	BDI Bundesverband der Deutschen Industrie, Türkei, BfA Bundesanstalt für Arbeit, Vattenfall, mdr, BP, Sachsen		http://www.wmp-ag.de/	https://lobbypedia.de/wiki/WMP_Eurocom#Vorstand	PR- und Lobbyagentur
Weber Shandwick	Christiane Schulz, Dirk Schröder, Jan Dirk Kemming, Bärbel Hestert-Vecoli, Olaf Pempel, Jan Ribbeck, Torsten Rothärmel, Holger Wilke, Jan Möller, Julian Lambertin, Thorsten Düß, Robin von Gemmingen, Astrid von Rudloff	Bundesverband Medizintechnologie, Roche, ASUS, Carglass, Deutsche Telekom, EZB Europäische Zentralbank, Napster, Monster Worldwide, Novartis, Paramount Home Entertainment, Paulaner, Stars for Europe, Subway, Toyota, VdZ Vereinigung der deutschen Zentralheizungswirtschaft	Interpublic Group of Companies, McCann Erickson Worldwide Group, Ammirati Puras Lintas, The Lowe Group	http://webershandwick.de	https://lobbypedia.de/wiki/Weber_Shandwick	PR- und Lobbyagentur, Meine Wahl!
Thelen Consult	Friedrich Thelen, Thilo Sarrazin, Ludolf von Wartenberg, Hermann Otto Solms, Rüdiger von Rosen			http://www.thelen-consult.de/	http://www.thelen-consult.de/	PR- und Lobbyagentur
Edelman	Susanne Marell, Martin Porter, Uta Behnke, Bernd Buschhausen, Martin Flörkemeier, Martina Pennekamp	Chevron, Bunge, EJF European Justice Forum, Fediol, GE, BSA Business Software Alliance, Danone, Hewlett Packard, Johnson & Johnson, Photonics21, The Energy Partnership, The Nielsen Company     Abbott, AstraZeneca, Building With Biomass coalition, EuropaBio, EGaF European Gas Forum, INTA  International Trademark Association, Roche, SEMA Speciality Equipment Market Association, Stoxx, Syngenta, World Gold Council, WWF, Rodenstock, Shell, Rossmann, Unilever		http://www.edelman.de/de/	https://lobbypedia.de/wiki/Edelman	PR- und Lobbyagentur
Consultum Communications	Hans-Erich Bilges, Dieter Stolte, Rolf Eckrodt,  Fritz Vahrenholt, Michael Glos, Holger Hatje, Hanns Eberhard Schleyer, Hans-Dietrich Genscher	Aserbaidschan, Weißrussland, Kasachstan	Hardenberg Concept	www.consultum.de	http://www.spiegel.de/spiegel/print/d-83422496.html	PR- und Lobbyagentur
365 Sherpas	Cornelius Winter, Heiko Wiese, Jan Böttger, Klaus Harbers, Cornelia Göbel	Bundesministerium für Arbeit und Soziales	Zum goldenen Hirschen	http://365sherpas.com	http://www.horizont.net/agenturen/nachrichten/Polit-Etats-Nahles-Ministerium-wechselt-Kreativ--und-PR-Agenturen-aus-120522	PR- und Lobbyagentur
Instinctif Partners	Cornelius Brand, Carsten Böhme, Matthias Großmann, Ursula Querette, Thomas Stein, Ulrich Stockheim, Hubert Becker, Christian Fälschle, Michael Müller, Wolfgang Nübold	Fendt, Unitymedia Kabel BW, Generali Deutschland, Goldman Sachs, BMW, AGCO, BioM Biotech Cluster Developement, ALBA Group		http://www.instinctif.de	http://www.instinctif.de/fr/archive/detail/getarticle/News/detail/roadshow-couronne-de-succes-pour-lespace-economique-chinois-shenbei-new-district.html	PR- und Lobbyagentur, Stockheim Media
FleishmanHillard	Hanning Kempe, Dirk Krieger, Caroline Wunnerlich, Dave Senay	BPA Coalition, Marks & Spencer, Lukoil, Pfizer, Blackbridge, Oxera, Nats, EPRA European Public Real Estate Association, Hudson Trading, Quantslab, Nets, Towers Watson, Platts, Tobii, IGU International Gas Union, MPOC Malaisian Palm Oil Counsel, PCIA European Wireless Infrastructure, KAUPPA Federation of Finnish Commerce, ICA, General Motors, IIA Index Industry Association, IOFI International Organization of the Flavor Industry, DIF Digital Interoperability Forum, NAREIT National Association of Real Estate Investment Trusts, Gerg, GIIGNL, Marcogaz, Cap Group, AECC Association for Emissions Control by Catalyst, Procter & Gamble, Which, Novo Nordisk, Liberty Global, Monsanto, Parkwind, CEFS Comité Européen des Fabricants de Sucre, IIGCC Institutional Investors Group on Climate Change, AGROKOR, NXP, OGP International Association of Oil and Gas Producers, Bayer, Chi-X, Huawei, Honeywell, Citadelle, GESAC Groupement Européen des Sociétés d'Auteurs et Compositeurs, Philips, Swift, RGM Advisors, Hasbro, Pimco, Danske Bank, PCS Prime Collateralised Securities, Medel, Johnson Controls, Sanofi, Europcop, Symantec, ERRT European Retail Round Table, GIE Gas Infrastructure Europe, Eurogas, PC/BPA GROUP PlasticsEurope, ABI - INBEV, Carlyle, McGraw-Hill, FEAM Forum of European Asset Managers, Emirates, Erste Bank, AEL Alliance for European Logisitics, ISLA International Securities Lending Association, Unica, Janssen, Nike, CFA Institute, Coca-Cola, BP, LCH Clearnet, IMA Investment Management Association, ILR Institute for Legal Reform, GE General Electric, ECPI European Council for Plastisicers and Intermediates, Markit, EIGA European Industrial Gases Association, Blackrock, Morgan Stanley, Baltic 2020, HSBC, Credit Suisse, ISDA International Swaps and Derivatives Association, UNESDA Union of European Soft Drinks Associations, ICAP, Aviva, ISOPA European Diisocyanate & Polyol Producers Association, Eli Lilly, Huntsman, EEA European Express Association, Standard & Poors, Thomson Reuters, Formacare, JP Morgan, Barclays Capital, AFME Association for Financial Markets in Europe, SHV Energy, Exxon Mobile	DAS, Omnicom	http://fleishman.de	http://ec.europa.eu/transparencyregister/public/consultation/displaylobbyist.do?id=56047191389-84	PR- und Lobbyagentur
Baker & McKenzie	Christian Atzler, Michael Bartosch, Christoph Becker, Soenke Becker, Claudia Beuter-Brinkmann, Christian Brodersen, Janet Kerstin Butler, Barbara Deilmann, Mark Devlin, Gregor Dornbusch, Joachim Drude, Tino Duttine, Matthias Eggert, Holger Ellers, Ulrich Ellinghaus, Michael A. Fammler, Wolfgang Fritzemeyer, Joachim Froehlich, Marc Gabriel, Thomas Gilles, Burkard Goepfert, Stephan Goetze, Thomas Gruetzner, Heiko Alexander Haller, Axel J. Hamm, Wilhelm B. Hebing, Guenther H. Heckelmann, Udo Henkel, Ulrich Hennings, Jochen Herr, Christian Horstkotte, Florian Kaestle, Martin Kaiser, Sonja G. Klein, Benjamin Koch, Hagen Koeckeritz, Nicolas Kredel, Daniel Krone, Franz Clemens Leisch, Andreas C. Lohner, Nicole Looks, Manuel Lorenz, Holger Lutz, Kathrin Marchant, Jon Marcus Meese, Susanne Mertens, Jochen Meyer-Burow, Norbert Mueckl, Werner Mueller, Rembert Niebel, Frank Pflueger, Guenter Pickrahn, Heiko Plassmeier, Dorothee Prosteder, Ulrich Raensch, Thilo Raepple, Christian Reichel, Nikolaus Reinhuber, Joerg Risse, Joachim Scherer, Steffen Scheuer, Michael Schmidl, Stephan Schnorberger, Matthias Scholz, H.-Juergen Schramke, Gerald Schumann, Thorsten Seidel, Oliver Socher, Stephan Spehl, Katharina Spenner, Peter Stankewitsch, Ingo Strauss, Florian Thamm, Frank-Rainer Toepfer, Bernhard Trappehl, Constanze Ulmer-Eilfort, Ulf Wauschkuhn, Thomas Wernicke, Tilman Wink, Sandra Wittinghofer, Christoph Wolf, Alexander Wolff, Andrea C. Ziegler, Juergen Mark, Anouschka Zagorski, Constanze Ulmer-Eilfort	O2 Telefonica, Dassault Systemes, Air Liquide, Zorlu Energy, Ingersoll Rand, Flowserve Corp, Heidelberger Druckmaschinen, Mercedes-Benz Bank, Clariant, Citigroup, Gilde Buy Out Partners, Montagu, Paribas, Subsidiary Plan.Net, QST International Corp., DZ Bank, Swiss Holding AG, KSPG, Hochtief, Dynamique, Feintool, Grunder + Jahr, Meibah International, Wicor, Gieseke & Devrient, ING, NIBC Bank, MAT Holdings, Knorr-Bremse Systems, Sulzer, Jazz Pharmaceuticals, Airesis, Societe Generale, Yorkville, Chemtura, Nyrstar, Sika, SEB, Tieto, JP Morgan, MAHLE, BMW, BITZER SE, Swissmetal, Serfain Group, PPC, Dura Automotive, TVH Group, Chemtura, AiCuris, Beiersdorf, Meji Jasuda, WestLB, Evonik, LBBW, Alfred Kröner Verlag, Kiekert Shareholders, Karl Schlecht Stiftungen, VW Volkswagen, Ecolab	True Sale International	http://www.bakermckenzie.com/	http://www.bakermckenzie.com/	Anwaltskanzlei
Becker Büttner Held	Martin Altrock, Olaf Däuper, Christian Wyl, Jost Eder, Thies Christian Hartmann, Christian Held, Ulf Jacobshagen, Astrid Meyer-Hetling, Stefan Missling, Martin Riedel, Daniel Schiebold, Christian Theobald, Miriam Vollmer, Jens Vollprecht, Ines Zenke, Matthias Albrecht, Rudolf Böck, Sabine Böck, Oliver Eifertinger, Manfred Ettinger, Manfred Strasser, Wolfram von Blumenthal, Christoph Edler von Weidenbach, Jürgen Gold, Pascal Hessler, Christian Jung, Axel Kafka, Ursula Prall, Jan-Hendrik vom Wege, Stefan Wollschläger, Jürgen Tschiesche, Dörte Fouquet	First Solar, EREF, GEODE, Stadtwerke Tübingen, Westfalen Weser Energie		http://www.beckerbuettnerheld.de	http://www.beckerbuettnerheld.de	Anwaltskanzlei, Energie, Strom
BSU Brauner Schurgers Uhlenhut Rechtsanwälte	Roman Brauner, Birgit Schurgers, Bernd Uhlenhut, Lars-Uwe Pera			http://www.bsu-legal.de	http://www.bsu-legal.de	Anwaltskanzlei
Dierks+Bohle Rechtsanwälte	Christian Dierks, Thomas Bohle, Martin H. Stellpflug, Ulrich Grau, Gerhard Nitz, Constanze Püschel, Christian Burholt, Thomas Willaschek, Torsten Münnch, Daniel Geiger, Maximilian Warntjen, Jan Moeck, Christian Pinnow, Antonia Mehlitz, Christian Reuther, Tobias Volkwein, Alina Waldmann, Matthias Kronenberger, Julian Braun, Judith Wallat, Filip Kötter, Julia Godemann, Christian Bichler, Silke Maas, Ann-Kristin Hörsken, Fabian Dorra, Jörn Grotjahn, Constanze Barufke			http://www.db-law.de	http://www.db-law.de	Anwaltskanzlei, Medizin, Pharma, Pflege
KMLZ Küffner Maunz Langer Zugmaier	Thomas Küffner, Stefan Maunz, Ronny Langer, Oliver Zugmaier, Eveline Beer, Christian Salder, Thomas Streit, Robert Hammerl, Daniel Kaiser, Matthias Luther			http://www.kmlz.de	http://www.kmlz.de	Anwaltskanzlei, Steuern
Rechtsanwaelte Reiser & Coll.	Klaus Reiser, Natalie Rzymann	 Diehl Aerospace, Widemann Bodensee-Kelterei, Lindauer Bodensee-Fruchtsäfte, Kenny S., Jung Poly-Kontakt		http://www.reiserlaw.eu	http://openinterests.eu/entities/DxeSFEhim9WTVLD-rechtsanwaelte-reiser-coll	Anwaltskanzlei
Rödl & Partner	Peter Bömelburg, José A. Campos Nave, Marcus Felsner, Christian Rödl, Hans Weggenmann, Martin Wambach, Wolfgang Kraus 	Kirchweidacher Energie, Geothermie Unterhaching, BMU Bundesministerium für Umwelt, Naturschutz und Reaktorsicherheit, ZSW, Weltbank, KfW		http://www.roedl.de	http://www.roedl.de	Anwaltskanzlei, Energie
Clifford Chance	Patrick Biagosch, Nicole Englisch, Burc Hesse, Marc Holtorf, Markus Muhs, Tim Schreiber, Arndt Stengel, Stefanie Tetz, Christian Urenkel, Thomas Weitkamp, Jan Wrede, Marc Besen, Thomas Burmeister, Peter Christ, Peter Dieners, Barbara Mayer-Trautmann, Thomas Hey, Christoph Holstein, Michael Kremer, Florian Mahler, Claudia Milbradt, Ulrich Reese, Peter Rosin, Reinhard Scheer-Hennings, Joachim Schütze, Thomas Stohlmeier, Thomas Weimann, Jutta Aichele, Stefan Behrens, Marc Benzler, Edmund Boyo, Andreas Dietzel, Joseph Brinkhaus, Gerhard Dreyer, David Elshorst, Nicole Engesser Means, Gregor Evenkamp, Oliver Felsenstein, Christof-Ulrich Goldschmidt, Jan Grabbe, George Hacket, Alexandra Hagelüken, Joachim Hasselbach, Björn C. Heinlein, Uwe Hornung, Heiner Hugger, Gerold Jaeger, Christian Keilich, Christopher Kellett, Arne Klüwer, Kerstin Kopp, Christine Koziczinski, Thomas Krecek, Oliver Kronat, Stefan Löchner, Sebastian Maerker, Stefan Menner, Bernd Meyer-Witting, Klaus Minuth, Felix Mühlhäuser, Markus Pfüller, Sebastian Rakob, Thomas Reischauer, Loren Richards, Wolfgang Richter, Thorsten Sauerhering, Stefan Sax, Uwe Schimmelschmidt, Burkhard Schneider, Hans-Josef Schneider, Frank Scholderer, Tobias Schulten, Andre Schwanna, Stefan Simon, Marco Simon, Marco Simonis, Bettina Steinhauer, Dietrich Stiller, Cornelia Thaler, Sandra Thiel, Riko Vazenis, Thorsten Vormann, Michael Weller, Beda Wortmann, Sven Zeller	State Grid, HSH Nordbank, Man Group, Sun Hung Kai, Haitong International, Gilde Healthcare, IFC, RedTree Capital, Kingspan, First Gen, IVG Immobilien AG, Swiss Life, IVG Institutional Funds, Essel-Clean Solu Hydropower, BNP Paribas, LV=, Bpifrance Investissement, Shangri-La Asia, Carlyle, China CITIC Bank, Türkei, Haitong Securities, Enel Green Power International, CVC, Wumei Holdings, EnBW, AVR-Afvalverwerking, BAIC Motor, Equistone, Apache, AEW Europe, Dubai, Hearst, Petrotec AG, CGN Power, Butler Capital Partners, Airbus, Indigo Capital, Project Finance, Carmila, ADB, Bangkok Bank, Geneba Properties, Real I.S., J.P. Morgan, Santander, Legal & General, GLL, CVC Capital Partners, CTBC Bank, Vietnam, KONE, Cinven, VW Volkswagen, HgCapital, SAP, Salamander Energy, CESC Limited, Technip, Advanced Petrochemical Company, Wendel, DP World, Mitsubishi, Endo Lighting, Amundi, EIB, Banco Santander, Indiabulls Real Estate, Mondelez, AMP, Atrium, 3i, China Hongqiao Group, Moelis, Morgans, Großbritannien, Commerzbank, LBBW, SEB, Bank of China, EBRD European Bank for Reconstruction and Development, Actis, Kuka AG, Statoil, UKAR, Apax, Sime Darby, NBK, O1 Group, Petra Capital, Spectrum Brands, Khazanah, Software AG, PMC, Amundi, Telefonica, Tristan Fund, Symrise AG, Bandfix AG, Fabrice Cohen, Accor, Société Nationale Immobilière, Euro-Druckservice, China Shipping, MOL, OCBC, PGGM, InfraVia II, Goldman Sachs, Bank of America Merrill Lynch, Bank Deutsches Kraftfahrzeuggewerbe, UniCredit Bank, Pentahotels,  Credit Suisse, Danareksa Sekuritas, UBS	True Sale International	http://www.cliffordchance.com	http://www.cliffordchance.com	Anwaltskanzlei
Freshfields Bruckhaus Deringer	Franz Aleth, Andreas Helmut Bartsch, Matthias Benecke, Marius Berenbrok, Helmut Bergmann, Klaus Beucher, Ulrich Blaas, Heiner Braun, Jan Brinkmann, Thomas Bücker, Christian Bunsen, Peter Chrocziel, Patrick Cichy, Johannes Conradi, Martina de Lind van Wijngaarden, Jochen Dieselhorst, Natascha Doll, René Döring, Christian Duve, Boris Dzida, Stephan Eilers, Jochen Ellrott, Timo Elsner, Ernst Thomas Emde, Michael Esser, Andreas Fabritius, Markus Fisseler, Ferdinand Fromholzer, Christoph Gleske, Alexander Glos, Timon Grau, Michael Haidinger, Kai Hasselbach, Friedrich Heilmann, Wessel Heukamp, Juliane Hilf, Klaus-Stefan Hohenstatt, Frank-Erich Hufnagel, Stephanie Hundertmark, Mario Hüther, Uta Itzen, Yorck Jetter, Ulf Johannemann, Bernhard Kaiser, Boris Kasolowsky, Marcel Kaufmann, Barbara Keil, Thorsten Kleine, Tobias Klose, Martin Klusmann, Matthias Koch, Nils Matthias Koffka, Ralph Kogge, Andreas König, Thomas Kreifels, Matthias-Gabriel Kremer, Heinz Joachim Kummer, Bernd Kunth, Maximilian Lang, Tobias Larisch, Frank Laudenklos, Andrea Lensing-Kramer, Ludwig Leyendecker, Thomas Lübbig, Jochen Lüdicke, Roman Mallmann, Thomas Müller-Bonanni, Christoph Nawroth, Peter Niggemann, Hartmut Nitschke, Norbert Nolte, Henning Oesterhaus, Markus Paul, Herbert Posser, Hans-Joachim Prieß, Anselm Raddatz, Daniel Reichert-Facilides, Christian Reichmuth, Wolfram Rhein, Burkhard Richter, Adalbert Rödding, Georg Roderburg, Frank Röhling, Michael Rohls, Christian Ruoff, Wilfried Schaefer, Michael Schäfer, Martin Schiessl, Dirk Schmalenbach, Norbert Schneider, Elmar Schnitker, Ulrich Scholz, Konrad Schott, Torsten Schreier, Hans-Patrick Schroeder, Niko Schultz-Süchting, Gunnar Schuster, Alexander Schwahn, Christoph Seibt, Christian Sistermann, Friedrich Spieth, Mark Strauch, Annedore Streyl, Tobias Teufel, Rolf Trittmann, Thomas Tschentscher, Rick van Aerssen, Peter Versteegen, Gregor von Bonin, Christoph von Bülow, Arend von Riegen, Oliver von Rosenberg, Andreas von Werder, Thomas Wagner, Stephan Waldhausen, Lars Westpfahl, Gerhard Wiedemann, Jochen Wilkens, Josef Willemsen, Benedikt Wolfers, Britta Zierau	Bundesministerium für Finanzen, SoFFin, Captiva, Bionet Holding, BC Partners, Deutsche Beteiligung AG, Warburg Pincus, Cinven, Wärtsila, Orion Investment, Permira, HafenCity, DONG Energy, Celesio, One Equity Partners, Temasek, GAGFAH, RREEFF, ECE, Glencore, AstraZeneca, TOCOS, EQT, C.A.T. oil AG, FOM Real Estate, Kurita, HSH Nordbank, Close Brothers, Advent International, MARCOL, China Mobile, Austria Glas-Gesellschafter, Frankonia, UniCrdit Bank, IVG Immobilien, Rocket Internet, Zalando, FMC Corporation, ATS Automation Tooling Systems, BARD, Hochtief, Berggruen Holdings, Infineon, United Medical Systems, Metro, HypoVereinsbank, Kering, Meyer Werft, Körber AG, Fresenius, KKR, Deutsche Bank, EQT VI, Blackstone, Nord/LB, Assicurazioni Generali, CTS Eventim, Bridgepoint, Hapag-Lloyd, Triton, Amadeus, Kingfisher, Cinven, Hannover Rück, Werum, Vitus Gruppe, Solaia Group, Continental, Mologen, Lavena Holding, Amtek, Terek, Ergon, Reimann Investors, FMC Corporation, Freenet, Zhuzhou Times New Materials, Commerzbank, Deutsche Asset & Wealth Management, CVC, Siemens, Energie AG Oberösterreich, ATON, BioNet, Marine Harvest, Goldin Fund, Evotec, Inostics, FCC Fomento de Construcciones y Contratas, KBC Bank NV, E.ON, Skrill Group, AEW Europe, Prime Office, Kuka, Linde, Allnex, Cargotec, Edel, Ströer, Fortress, SFC Energy, Rewe, Otto Group, Bafin Bundesfinanzagentur, MorphoSys, SCA, ADAC, Bertelsmann, EVN, Deutsche Bahn, BWK, Charterhouse, Prettl Gruppe, SPD, Raiffeisenbank International, Frontiers Media, Fon, Barilla, ARYZTA AG, Unifrax, TenneT, 3i, Air Berlin, Hutchinson 3G, C1 Group, Det Norske Veritas, BayernLB, Oerlikon, Marlin Equity Partners, Pfleiderer AG, Pacific Century, Techem, Barclays, Krüger, General Atlantic, Carlyle, Perella Weinberg Real Estate, Zapi, EnBW, Charterhouse, EP Energy, Oaktree, Providence Equity Partners, Brachem	True Sale International, Gesellschaft zum Studium strukturpolitischer Fragen	http://www.freshfields.com/de	http://www.freshfields.com/newsandinsights.aspx?language=de&region=germany&itemtype=News&LangId=1031&SearchRegion=Global&cbDeals=true	Anwaltskanzlei
Hengeler Mueller	Johanna Wirth, Jens Wenzel, Wolfgang Spoerr, Kai-Steffen Scholz, Stefan Richter, John Flüh, Albrecht Conrad, Jan Bonhage, Nicolas Böhm, Ulrich Blech, Henning Bälz, Andreas Austmann, Alf-Henrik Bischke, Matthias Blaum, Hartwin Bungert, Dirk Busch, Reinhold Ernst, Matthias Hentzen, Michael Hoffmann-Becking, Vera Jungkind, Wolfgang Kellenter, Rainer Krause, Gerd Krieger, Thorsten Mäger, Thomas Meurer, Wolfgang Meyer-Sparenberg, Christian Möller, Alexander Nolte, Oliver Rieckers, Gerd Sassenrath, Carsten Schapmann, Maximilian Schiessl, Thomas Schmidt-Kötters, Christian Schwandtner, Georg Seyfarth, Christoph Stadler, Dirk Uwer, Jochen Vetter, Christian Wentrup, Daniel Wilm, Bernd Wirbel, Johannes Adolff, Stefanie Beinert, Dirk Hermann Bliesener, Hendrik Bockenheimer, Frank Burmeister, Torsten Busch, Thomas Cron, Ralph Defren, Daniela Favoccia, Georg Frowein, Martin Geiger, Wolfgang Groß, Hendrik Haag, Philipp Hanfland, Peter Heckel, Christian Hoefs, Christof Jäckle, Martin Klein, Ingo Klöcker, Heinrich Knepper, Ernst-Thomas Kraft, Stefan Krauss, Hans-Joachim Liebers, Oleg de Lousanoff, Markus Meier, Thomas Müller, Thomas Paul, Alexander Rang, Joachim Rosengarten, Carsten van de Sande, Matthias Scheifele, Karsten Schmidt-Hern, Christian Schmies, Sven Henrik Schneider, Klaus-Dieter Stephan, Johannes Tieves, Nikolaus Vieten, Edgar Wallach, Daniel M. Weiß, Peter Weyland, Achim Herfs, Gerhard Lang, Simon Patrick Link, Steffen Oppenländer, Viola Sailer-Coceani, Emanuel Strehle, Jochen Vetter, Daniel Wiegand	Atlas Mara, VTG, TenneT, Tele Columbus, KKR, BGP Investment, Bank of America Merrill Lynch, MeinFernbus, Bain Capital, Joma Industrial Source Corporation, IBM, Axel Springer, HAWESKO, Rabo Real Estate Group, WMF, ImmobilienScout24, Hella KGaA Hueck & Co., MSRE, Madison, First State Investments, Oddie & Cie, Waterland, LEG Immobilien, Bertelsmann, Blackstone, VTG, Siemens, Deutsche Bank, Neiman Marcus Group, Wirtgen Group, Wild Bunch, Metro, BSkyB, Adam Opel AG, DONG Energy, Zeiss, Dürr, Aalberts Industries, American & Efird Global, KPS Capital Partners, Lone Star, Strabag, Shiloh Industries, Aareal Bank, MTN Group, Carlyle, Vitol, Freenet, BorgWarner, Afilias, Imtech Deutschland, E.ON, ThyssenKrupp, Bosch, Deutsche Telekom, BackWerk, Grammer AG, Haniel, LBBW, EPISO, Günther Holding-Gruppe, Fresenius, Schroder Property, Ferrostaal, GSW, Oaktree, Pacific Andes, Deutsche Annington, MAN, Falck Danmark, Osram Licht, Royal Imtech, BMW, Kabel Deutschland, GAGFAH, EQT, CEWE, Foot Locker, CVC, EBA Clearing, Siemens, BayernLB, Commerzbank, CMC Capital, FAZ Frankfurter Allgemeine Zeitung, LEG Immobilien AG, SSC, Medion AG, Deutsche Rockwool, RWE, Germanischer Lloyd, Redknee, GEA Group, Fusheng Industrial, OSI Group, Viessmann Heiztechnik, LEG NRW, JCDecaux, Bornemann, Talanx, ElectronicPartner, Informatica, DIA, Madison Capital Partners, Weichai Power, SK Innovation, Carl Zeiss, Phoenix Pharmahandel, Porsche, Capvis, Melrose PLC, WestLB, Postbank, Perella Weinberg, AHG, EuroChem, Hugo Boss, Glory, IKB Deutsche Industriebank, M-real Corporation, Natixis, TKH Group, GlaxoSmithKline, Adidas, AHG, Tui, HeidelbergCement	True Sale International	http://www.hengeler.com	http://www.hengeler.com	Anwaltskanzlei
Linklaters	Markus Appel, Jan Endler, Kai Uwe Pritsche, Gerrit Sadowski, Thomas Schulz, Sebastian Benz, Ramona Breitling, Carsten Grave, Klaus Marinus Hoenig, Staffan Illert, Tim Johannsen-Roth, Achim Kirchfeld, Thomas Nießen, Nikolaos Paschos, Oliver Rosenberg, Stefan Schwarz, Daniela Seeliger, Wolfgang Sturm, Rüdiger Thiele, Hans-Ulrich Wilsing, Ralph Wollburg, Rupert Bellinghausen, Jens Blumenberg, Marco Carbonare, Alexandros Chatzinerantzis, Sebastian Daub, Matthew Devey, Kurt Dittrich, Ralph Drebes, Michael Ehret, Peter Erbacher, Carl-Peter Feick, Wilhelm Haarmann, Herbert Harrer, Robert Henrici, Christian Hey, Michal Hlásek, Aneta Janeczek, Janina Kroll, Wolfram Krüger, Jochen Laufersweiler, Florian Lechner, Stephan Oppenhoff, Daniel Pauly, Eva Reudelhuber, Klaus Saffenreuther, Sven Schelo, Julia Schönbohm, Michaela Sopp, Andreas Steck, Christian Storck, Marc Trinkaus, Laurenz Uhl, Alexander Vogt, Kolja von Bismarck, Nicola-Elisabeth von Tschirnhaus, Peter Waltz, Frederik Winter, Ulrich Wolff, Markus Wollenhaupt, Julian Zaich, Georg Annuß, Timo Engelhardt, Hans-Joachim Holzapfel, Wolfgang Krauel, Andreas Schaflitzl, Benjamin Schubert, Rainer Stadler, Rainer Traugott	Suzlon, Athene Holding, Heytex, B/E Aerospace, Hyosung Group, Triton, Ivanhoe Cambridge, IK Investment Partners, Marguerite Fund, Tank & Rast, UniCredit, BNP Paribas, HSBC Trinkaus, Commerzbank, Triton, Power Construction Corporation, P&I Personal & Informatik, SHW Holding, Lixil Corporation, McKesson, Barry Callebaut, DBAG, VION, Ontario Teachers Pension Plan, DOMO Chemicals, Hay Holding, LIXIL Corporation, Lloyds, Koenig & Bauer, Funke Mediengruppe, Bavaria Film, Norma Group, Cerberus, LLI, Deutsche Bank, Deutsche Post DHL, Douglas, Goldman Sachs, Morgan Stanley, Helaba, Heraeus, WAZ Mediengruppe, Siemens, Berenbank, Deutsche Beteiligungs AG, Hymer, Rhön-Klinikum, EP Energy, Hg Capital, RWE, Julius Bär, WISCO Wuhan Iron and Steel Corp., BayWa, KBC Lease Holding, KfW, Infosys, NRG Energy, BP, Gores Group, Actavis, E.ON, Q-Cells, REPower, Paul Capital, Peugeot Citroen, DNick, Deutsche Annington, Abakus Solar, Deutsche Post, Linde, Sunways, Gores Group, Berlac AG	True Sale International	http://linklaters.de	http://linklaters.de/aktuelles/presse/pressemitteilungen.html	Anwaltskanzlei