jahr	vorname	nachname	partei	m_begin	y_begin	m_end	y_end	position	entity	kuerzel	tag
2015	Ursula	Heinen-Esser	CDU			10	2013	Parlamentarische Staatssekretärin	Bundesministerium für Umwelt, Naturschutz und Reaktorsicherheit	BMUB	seitenwechsler
2015	Ursula	Heinen-Esser	CDU	1	2015			Hauptgeschäftsführerin	Bundesverband Garten-, Landschafts-, Sportplatzbau	BGL	seitenwechsler
2015	Andreas	Breitner	SPD			9	2014	Landesministerin	Landesministerium für Inneres und Bundesangelegenheiten (Schleswig-Holstein)		seitenwechsler
2015	Andreas	Breitner	SPD	5	2015			Direktor	Verband Norddeutscher Wohnungsunternehmen	VNW	seitenwechsler
2015	Dirk	Niebel	FDP			12	2013	Bundesminister	Bundesministerium für wirtschaftliche Zusammenarbeit und Entwicklung	BMZ	seitenwechsler
2015	Dirk	Niebel	FDP	1	2015			Cheflobbyist	Rheinmetall		seitenwechsler
2015	Ronald	Pofalla	CDU	10	2009	12	2013	Chef des Bundeskanzleramtes	Bundeskanzleramt		seitenwechsler
2015	Ronald	Pofalla	CDU	10	2009	12	2013	Bundesminister für besondere Aufgaben	Bundeskanzleramt		seitenwechsler
2015	Ronald	Pofalla	CDU	1	2015			Generalbevollmächtigter für politische und internationale Beziehungen	Deutsche Bahn	DB	seitenwechsler, verkehr, eisenbahn
2014	Stéphane	Beemelmans				2	2014	Beamteter Staatssekretär	Bundesministerium der Verteidigung	BMVG	seitenwechsler, bundeswehr
2014	Stéphane	Beemelmans		12	2014			Geschäftsführer	Governmental Relations	EUTOP	seitenwechsler
2014	Daniel	Bahr	FDP			12	2013	Bundesminister	Bundesministerium für Gesundheit	BMG	seitenwechsler, gesundheit
2014	Daniel	Bahr	FDP	11	2014			Generalbevollmächtigter	Allianz Private Krankenversicherung		seitenwechsler, gesundheit, versicherung
2014	Birgit	Grundmann	FDP			1	2014	Beamtete Staatssekretärin	Bundesministerium der Justiz	BMJV	seitenwechsler
2014	Birgit	Grundmann	FDP	9	2014			Cheflobbyistin	Allianz		seitenwechsler, versicherung
2014	Katrin	Suder				7	2014	Direktorin / Leiterin des Öffentlichen Sektors in Deutschland	McKinsey		seitenwechsler, parteilos
2014	Katrin	Suder		8	2014			Beamtete Staatssekretärin	Bundesministerium der Verteidigung	BMVG	seitenwechsler, bundeswehr, parteilos
2014	Patrick	Meinhardt	FDP			9	2013	Abgeordneter	Deutscher Bundestag		seitenwechsler
2014	Patrick	Meinhardt	FDP	8	2014			Geschäftsleitung	Bundesverband mittelständische Wirtschaft	BVMW	seitenwechsler
2014	Jan	Mücke	FDP			10	2013	Parlamentarischer Staatssekretär	Bundesministerium für Verkehr, Bau und Stadtentwicklung	BMVI	seitenwechsler, verkehr
2014	Jan	Mücke	FDP	7	2014			Geschäftsführer	Deutscher Zigarettenverband	DZV	seitenwechsler
2014	Birgit	Homburger	FDP			9	2013	Abgeordnete	Deutscher Bundestag		seitenwechsler
2014	Birgit	Homburger	FDP	6	2014			Partnerin	Unternehmensberatung Odgers Berndtson		seitenwechsler
2014	Thomas	Ilka			2011		2013	Beamteter Staatssekretär	Bundesministerium für Gesundheit	BMG	seitenwechsler, gesundheit
2014	Thomas	Ilka		5	2014			Leiter des Bereiches Europa/Internationales 	Gesamtverband der Deutschen Versicherungswirtschaft	GDV	seitenwechsler, versicherung
2014	Ralf	Koschorrek	CDU			9	2013	Abgeordneter	Deutscher Bundestag		seitenwechsler
2014	Ralf	Koschorrek	CDU	5	2014			Leiter	Deutscher Berufsverband der Hals-Nasen-Ohrenärzte e.V.		seitenwechsler
2014	Martin	Brüning	FDP			4	2014	Stellvertrender Geschäftsführer und Pressesprecher	FDP-Landtagsfraktion Niedersachsen	FDP	seitenwechsler
2014	Martin	Brüning	FDP	5	2014			Pressesprecher	WirtschaftsVereinigung Metalle		seitenwechsler
2014	Martin	Stadelmaier				1	2013	Leiter	Staatskanzlei Rheinland-Pfalz		seitenwechsler
2014	Martin	Stadelmaier		5	2014			Leitung Hauptstadtbüro	Deutscher Lotto- und Totoblock		seitenwechsler
2014	Volker	Schlotmann	SPD			12	2013	Landesminister	Landesministerium für Energie, Infrastruktur und Landesentwicklung (Mecklenburg-Vorpommern)		seitenwechsler, energie, verkehr
2014	Volker	Schlotmann	SPD	4	2014			Kommunikationsdirektor für Windkraft- und Solarprojekte	Kloss New Energy		seitenwechsler, energie
2014	Sabine	Heimbach		1	2010	12	2013	Stellvertretende Sprecherin	Bundesregierung		seitenwechsler
2014	Sabine	Heimbach		4	2014			Leitung des Hauptstadtbüro	Deutsches Aktieninstitut	DAI	seitenwechsler
2014	Otto	Fricke	FDP		2005		2009	Vorsitzender des Haushaltsausschusses	Deutscher Bundestag		seitenwechsler
2014	Otto	Fricke	FDP		2009	9	2013	Parlamentarischer Geschäftsführer der FDP-Fraktion	FDP	FDP	seitenwechsler
2014	Otto	Fricke	FDP	3	2014			Partner	CNC Communications & Network Consulting		seitenwechsler
2014	Hans-Josef	Fell	Grüne				2013	Abgeordneter	Deutscher Bundestag		seitenwechsler
2014	Hans-Josef	Fell	Grüne	3	2014			Präsident	Energy Watch Group		seitenwechsler, energie
2014	Rolf	Hempelmann	SPD			9	2013	Abgeordneter / Ausschuss für Wirtschaft und Technologie	Deutscher Bundestag		seitenwechsler
2014	Rolf	Hempelmann	SPD	2	2014			Berater	STEAG und Trimet Aluminium SE	STEAG	seitenwechsler
2014	Jürgen	Häfner	SPD	5	2011	1	2014	Innenstaatssekretär	Landesregierung Rheinland-Pfalz		seitenwechsler
2014	Jürgen	Häfner	SPD	2	2014			Geschäftsführer	Lotto Rheinland-Pfalz		seitenwechsler
2014	Dietrich	Birk	CDU		2006		2011	Politischer Staatssekretär	Landesministerium für Wissenschaft, Foschung und Kunst (Baden-Württemberg)		seitenwechsler
2014	Dietrich	Birk	CDU			12	2013	Landtagsabgeordneter	Landesparlament Baden-Württemberg		seitenwechsler
2014	Dietrich	Birk	CDU	1	2014			Geschäftsführer	Verband deutscher Maschinen- und Anlagenbau	VDMA	seitenwechsler
2013	Friedrich-Otto	Ripke	CDU			2	2013	Staatssekretär	Landesministerium für Landwirtschaft (Niedersachsen)		seitenwechsler, landwirtschaft
2013	Friedrich-Otto	Ripke	CDU	11	2013			Präsident	Niedersächsische Geflügelwirtschaft Landesverband e.V.	NGW	seitenwechsler, landwirtschaft
2013	Eckart	von Klaeden	CDU			9	2013	Staatsminister	Bundeskanzleramt		seitenwechsler
2013	Eckart	von Klaeden	CDU	11	2013			Cheflobbyist / Leiter des Bereichs Global External Affairs und Public Policy	Daimler AG		seitenwechsler, auto
2013	Holger	Eichele				10	2013	Referatsleiter Presse	Bundesministerium für Ernährung, Landwirtschaft und Verbraucherschutz	BMEL	seitenwechsler, landwirtschaft, parteilos
2013	Holger	Eichele		11	2013			Hauptgeschäftsführer	Deutscher Brauer-Bund	DBB	seitenwechsler, parteilos
2013	Jost	de Jager	CDU			6	2012	Landesminister	Landesministerium für Wissenschaft, Wirtschaft und Verkehr (Schleswig-Holstein)		seitenwechsler, verkehr
2013	Jost	de Jager	CDU			1	2013	Landesvorsitzender	CDU Schleswig-Holstein	CDU	seitenwechsler
2013	Jost	de Jager	CDU	12	2013			Senior Advisor	Rochus Mummert		seitenwechsler
2013	Jost	de Jager	CDU		2012			Berater	Public Private Partnership		seitenwechsler
2013	Rita	Pawelski	CDU			9	2013	Abgeordnete / Vorsitzende der Gruppe der Frauen in der Unions-Fraktion	Deutscher Bundestag		seitenwechsler
2013	Rita	Pawelski	CDU	8	2013				PR-Agentur g+ germany		seitenwechsler
2013	Kurt	Beck	SPD			1	2013	Ministerpräsident	Landesregierung Rheinland-Pfalz		seitenwechsler
2013	Kurt	Beck	SPD	6	2013			Berater	Boehringer Ingelheim		seitenwechsler
2013	Christoph	Hartmann	FDP			1	2012	Landesminister	Landesministerium für Wirtschaft, Arbeit, Energie und Verkehr (Saarland)		seitenwechsler, verkehr
2013	Christoph	Hartmann	FDP	1	2013			Director Corporate Affairs und Public Strategies	PR-Agentur Hering Schuppener		seitenwechsler
2013	Joachim	Koschnicke	CDU				2011	Bereichsleiter Strategische Planung auf Bundesebene	CDU	CDU	seitenwechsler
2013	Joachim	Koschnicke	CDU	1	2013			Vice President European Government Relations and Public Policy	Opel		seitenwechsler, auto
2013	Karl	Schlich					2012	Leiter des Pressereferats	Bundeskanzleramt		seitenwechsler
2013	Karl	Schlich		1	2013			Mitgliede der Geschäftsführung	Unternehmensberatung know:bodies		seitenwechsler
2013	Thomas	Matussek				7	2011	Botschafter	Deutsche Botschaft in Indien	AA	seitenwechsler, parteilos
2013	Thomas	Matussek		11	2011	12	2012	Erster Head of Public Affairs	Deutsche Bank		seitenwechsler, bank, parteilos
2013	Thomas	Matussek		1	2013			Geschäftsführer	Alfred Herrhausen Gesellschaft	AHG	seitenwechsler, parteilos
2012	Cornelia	Yzer	CDU	10	1994	1	1997	Parlamentarische Staatssekretärin	Bundesministerium für Bildung, Wissenschaft, Forschung und Technologie	BMBF	seitenwechsler
2012	Cornelia	Yzer	CDU	3	1997	5	2011	Hauptgeschäftsführerin	Verband Forschender Arzneimittelhersteller	VFA	seitenwechsler, gesundheit
2012	Cornelia	Yzer	CDU	9	2012			Senatorin für Wirtschaft, Technologie und Forschung	Senat von Berlin		seitenwechsler
2012	Walther	Otremba	CDU			3	2011	Staatssekretär	Bundesministerium der Verteidigung	BMVG	seitenwechsler, bundeswehr
2012	Walther	Otremba	CDU	12	2012			Vorsitzender	Bundesverband Briefdienste		seitenwechsler
2012	Dieter	Posch	FDP			5	2012	Landesminister	Landesministerium für Wirtschaft, Verkehr und Landesentwicklung (Hessen)		seitenwechsler, verkehr
2012	Dieter	Posch	FDP	11	2012				Bundesverband der Deutschen Luftverkehrswirtschaft	BDL	seitenwechsler, verkehr, luftverkehr
2012	Ulrich	Freise	SPD	2	2003	9	2011	Staatssekretär	Berliner Senatsverwaltung für Inneres und Sport		seitenwechsler
2012	Ulrich	Freise	SPD	9	2012			Mitglied der Geschäftsleitung	PIN Mail AG		seitenwechsler
2012	Georg	Fahrenschon	CSU				2011	Landesminister	Bayerische Staatsministerium der Finanzen		seitenwechsler
2012	Georg	Fahrenschon	CSU	5	2012			Präsident	Deutscher Sparkassen- und Giroverband		seitenwechsler, bank
2012	Christine	Scheel	Grüne			1	2012	Abgeordnete	Deutscher Bundestag		seitenwechsler
2012	Christine	Scheel	Grüne	2	2012			Aufsichtsrat	Südhessische Energie AG	HEAG	seitenwechsler, energie
2012	Thomas	Steg	parteilos	11	2005	10	2009	Stellvertretende Sprecher der Bundesregierung und stellvertretender Leiter des Presse- und Informationsamtes	Bundesregierung		seitenwechsler
2012	Thomas	Steg	parteilos	2	2012			Cheflobbyist	Volkswagen AG	VW	seitenwechsler, auto
2012	Ernst	Uhrlau	SPD			12	2011	Präsident	Bundesnachrichtendienst	BND	seitenwechsler
2012	Ernst	Uhrlau	SPD	2	2012			Berater	Deutsche Bank		seitenwechsler, bank
2011	Martin	Biesel	FDP			6	2011	Beamteter Staatssekretär	Auswärtiges Amt	AA	seitenwechsler
2011	Martin	Biesel	FDP	11	2011			Direktor für internationale Verkehrsrechte und Vorstands-Bevollmächtigter	Air Berlin		seitenwechsler, verkehr, luftverkehr
2011	Georg	Adamowitsch	SPD		2002	8	2006	Staatssekretär	Bundesministerium für Wirtschaft und Energie	BMWI	seitenwechsler, energie
2011	Georg	Adamowitsch	SPD	9	2011			Hauptgeschäftsführer	Bundesverband der Deutschen Sicherheits- und Verteidigungsindustrie	BDSV	seitenwechsler, bundeswehr
2011	Stefan	Mappus	CDU			5	2011	Ministerpräsident	Landesregierung Baden-Württemberg		seitenwechsler
2011	Stefan	Mappus	CDU	8	2011	12	2011		Merck		seitenwechsler, pharma, chemie
2011	Markus 	Kerber	parteilos				2011	Chefvolkswirt	Bundesministerium der Finanzen	BMF	seitenwechsler
2011	Markus 	Kerber	parteilos	7	2011			Hauptgeschäftsführer	Bundesverband der Deutschen Industrie e.V.	BDI	seitenwechsler
2011	Wolfgang	Hahn	parteilos				2009	Leiter der Grundsatzabteilung	Bundesministerium für Verkehr, Bau und Stadtentwicklung		seitenwechsler, verkehr
2011	Wolfgang	Hahn	parteilos	5	2011			Interessenvertreter	Deutsche Gesellschaft für kombinierten Güterverkehr		seitenwechsler, verkehr, eisenbahn
2011	Jürgen	Rüttgers	CDU			7	2010	Ministerpräsident	Landesregierung Nordrhein-Westfalen		seitenwechsler
2011	Jürgen	Rüttgers	CDU	3	2011			Rechtsanwalt	Kanzlei Beiten Burkhardt		seitenwechsler
2011	Andreas	Krautscheid	CDU			11	2010	Generalsekretär	CDU Nordrhein-Westfalen	CDU	seitenwechsler
2011	Andreas	Krautscheid	CDU	3	2011			Stellvertretender Hauptgeschäftsführer	Bundesverband Deutscher Banken	BDB	seitenwechsler, bank
2011	Peter	Bleser	CDU		2008		2011	Mitglied des Präsidiums	Deutscher Raiffeisenverband	DRV	seitenwechsler, bank
2011	Peter	Bleser	CDU	2	2011			Staatssekretär	Bundesministerium für Ernährung, Landwirtschaft und Verbraucherschutz	BMEL	seitenwechsler, landwirtschaft
2011	Roland	Koch	CDU			8	2010	Ministerpräsident	Landesregierung Hessen		seitenwechsler
2011	Roland	Koch	CDU	1	2011			Aufsichtsrat	UBS		seitenwechsler
2011	Roland	Koch	CDU	7	2011			Vorstandsvorsitzender	Bilfinger Berger		seitenwechsler
2011	Silke	Lautenschläger	CDU				2010	Landesminister	Hessisches Ministerium für Umwelt, Klimaschutz, Landwirtschaft und Verbraucherschutz	HMULV	seitenwechsler
2011	Silke	Lautenschläger	CDU	1	2011			Mitglied des Vorstands	Deutsche Krankenversicherung	DKV	seitenwechsler, gesundheit, versicherung
2011	Axel	Gedaschko	CDU			8	2010	Senator	Behörde für Wirtschaft, Verkehr und Innovation (Hamburg)		seitenwechsler, verkehr
2011	Axel	Gedaschko	CDU	2	2011			Präsident	Bundesverband deutscher Wohnungs- und Immobilienunternehmen	GdW	seitenwechsler
2011	Leo	Dautzenberg	CDU			2	2011	Abgeordneter	Deutscher Bundestag		seitenwechsler
2011	Leo	Dautzenberg	CDU	1	2011			Bevollmächtigter des Vorstandes und Leiter der Abteilung Public Affairs	Evonik		seitenwechsler, energie
2011	Bernd	Pfaffenbach	parteilos				2011	Staatssekretär	Bundesministerium für Wirtschaft und Energie		seitenwechsler, energie
2011	Bernd	Pfaffenbach	parteilos		2011			Senior Advisor	JP Morgan Chase		seitenwechsler
2011	Tim	Arnold	CDU		2006		2010	Leiter der Vertretung	Vertretung des Landes Nordrhein-Westfalen beim Bund		seitenwechsler
2011	Tim	Arnold	CDU		2011			Senior Vice President Political Strategy	ProSiebenSat.1		seitenwechsler, fernsehen
2010	Ulrich	Junghanns	CDU			11	2009	Landesminister	Landesministerium für Wirtschaft und Energie (Brandenburg)		seitenwechsler, energie
2010	Ulrich	Junghanns	CDU	6	2010			Aufsichtsratsmitglied	ArcelorMittal Eisenhüttenstadt		seitenwechsler, stahl
2010	Ulrich	Junghanns	CDU		2010		2012	Berater	Odersun AG		seitenwechsler, solar
2010	Nina	Hauer	SPD			10	2009	Abgeordnete	Deutscher Bundestag		seitenwechsler
2010	Nina	Hauer	SPD	10	2010		2011	Managing Director	Deekeling Arndt Advisors	DAA	seitenwechsler
2010	Astrid	Grotelüschen	CDU		2001	4	2010	Geschäftsführerin	Mastputen-Brüterei Ahlhorn		seitenwechsler, landwirtschaft
2010	Astrid	Grotelüschen	CDU	4	2010	12	2010	Landesministerin	Landesministerium für Ernährung, Landwirtschaft und Verbraucherschutz (Niedersachsen)		seitenwechsler, landwirtschaft
2010	Andreas	Dombret	CDU			9	2009	Vice Chairman Europa und Vorsitzender der Geschäftsleitung	Bank of America		seitenwechsler, bank
2010	Andreas	Dombret	CDU	5	2010			Vorstand	Deutsche Bundesbank		seitenwechsler, bank
2010	Anne	Herkes	FDP				2009	Vice President Policy and Communications	BP Biofuels, London	BP	seitenwechsler, energie
2010	Anne	Herkes	FDP	3	2012	12	2013	Beamtete Staatssekretärin	Bundesministerium für Wirtschaft und Energie	BMWI	seitenwechsler, energie
2010	Anne	Herkes	FDP		2010		2012	Botschafterin	Deutsche Botschaft in Katar	AA	seitenwechsler
2010	Dieter	Althaus	CDU			9	2009	Ministerpräsident	Landesregierung Thüringen		seitenwechsler
2010	Dieter	Althaus	CDU	2	2010			Vice President	Autozulieferer Magna International		seitenwechsler, auto
2010	Georg	Brunnhuber	CDU				2009	Abgeordneter / Verkehrsausschuss	Deutscher Bundestag		seitenwechsler
2010	Georg	Brunnhuber	CDU	7	2010	12	2010	Sonderbeauftragter für Politik	Deutsche Bahn		seitenwechsler, verkehr, eisenbahn
2010	Ole	von Beust	CDU				2010	Erster Bürgermeister	Hansestadt Hamburg		seitenwechsler
2010	Ole	von Beust	CDU		2010	5	2013	Senior Advisor	Unternehmensberatung Roland Berger		seitenwechsler
2010	Ralf	Nagel	SPD			2	2010	Senator	Behörde für Wirtschaft, Häfen, Justiz & Verfassung von Bremen		seitenwechsler, seefahrt
2010	Ralf	Nagel	SPD	2	2010			Geschäftsführendes Präsidiumsmitglied	Verband Deutscher Reeder	VDR	seitenwechsler, verkehr, seefahrt
2010	Christian	Weber	FDP			1	2010	Stellv. Direktor	Verband der Privaten Krankenversicherung	PKV	seitenwechsler, krankenkasse, gesundheit
2010	Christian	Weber	FDP	2	2010	9	2014	Abteilungsleiter für Grundsatzfragen 	Bundesministerium für Gesundheit	BMG	seitenwechsler, gesundheit
2010	Volker	Hoff	CDU			2	2009	Landesminister	Landesministerium für Bundes- und Europaangelegenheiten (Hessen)		seitenwechsler
2010	Volker	Hoff	CDU	2	2010	7	2012	Cheflobbyist	Opel		seitenwechsler, auto
2009	Ditmar	Staffelt	SPD		1998	1	2009	Abgeordneter	Deutscher Bundestag		seitenwechsler
2009	Ditmar	Staffelt	SPD	11	2002	11	2005	Koordinator für die deutsche Luft- und Raumfahrt	Bundesregierung		seitenwechsler
2009	Ditmar	Staffelt	SPD	1	2009		2012	Vorstandsbeauftragter für Politik und Regierungsarbeiten in Deutschland	Airbus Group	EADS	seitenwechsler, verkehr, luftfahrt
2009	Michael	Glos	CSU			2	2009	Bundesminister	Bundesministerium für Wirtschaft und Energie	BMWI	seitenwechsler, energie
2009	Michael	Glos	CSU		2009		2012	Berater	RHJ International		seitenwechsler, beteiligungsgesellschaft
2009	Michael	Glos	CSU		2013			Berater	Gipshersteller Knauf		seitenwechsler
2009	Gerald	Hennenhöfer	parteilos				2009	Anwalt	Kanzlei Redeker Sellner Dahs		seitenwechsler
2009	Gerald	Hennenhöfer	parteilos		2009	1	2014	Leiter der Abteilung Reaktorsicherheit	Bundesministeriums für Umwelt, Naturschutz, Bau und Reaktorsicherheit	BMUB	seitenwechsler
2009	Heinz	Marzi	parteilos			3	2009	Generalleutnant / Stellvertreter des Inspekteurs der Luftwaffe	Bundeswehr		seitenwechsler, bundeswehr
2009	Heinz	Marzi	parteilos		2009	11	2010	Geschäftsführer	Bundesverband der Deutschen Sicherheits- und Verteidigungsindustrie	BDSV	seitenwechsler, bundeswehr
2009	Matthias	 von Randow	SPD			10	2008	Beamteter Staatssekretär	Bundesministerium für Verkehr, Bau und Stadtentwicklung	BMVI	seitenwechsler, verkehr
2009	Matthias	 von Randow	SPD	1	2009	6	2011	Bevollmächtigter des Vorstandes für Politik	Air Berlin		seitenwechsler, verkehr, luftfahrt
2009	Matthias	 von Randow	SPD	7	2011			Hauptgeschäftsführer	Bundesverband der deutschen Luftverkehrswirtschaft	BDL	seitenwechsler, verkehr, luftfahrt
2009	Thomas	Steg	parteilos			10	2009	Stellvertretender Sprecher und stellvertretender Leiter des Presse- und Informationsamtes	Bundesregierung		seitenwechsler
2009	Thomas	Steg	parteilos		2009			Inhaber	STEG Kommunikation und Beratung		seitenwechsler
2009	Thomas	Steg	parteilos	2	2012			Generalbevollmächtigter für Außen- und Regierungsbeziehungen	Volkswagen AG	VW	seitenwechsler, auto
2009	Rainer	Wend	SPD			4	2009	Abgeordneter	Deutscher Bundestag		seitenwechsler
2009	Rainer	Wend	SPD		2005		2008	Wirtschaftspolitischer Sprecher	SPD-Bundestagsfraktion	SPD	seitenwechsler
2009	Rainer	Wend	SPD	4	2009			Leiter des Zentralbereichs Politik und Unternehmensverantwortung	Deutsche Post		seitenwechsler
2009	Walter	Riester	SPD				2009	Abgeordneter	Deutscher Bundestag		seitenwechsler
2009	Walter	Riester	SPD		1998		2002	Bundesminister	Bundesministerium für Arbeit und Soziales	BMAS	seitenwechsler
2009	Walter	Riester	SPD	10	2009	6	2012	Mitglied im Aufsichtsrat	Union Investment		seitenwechsler, bank
2008	Kurt	Faltlhauser	CSU			10	2007	Landesminister	Bayerische Staatsministerium der Finanzen		seitenwechsler
2008	Kurt	Faltlhauser	CSU	2	2008			Mitglied des deutschen Beirats	Investmentbank Rothschild		seitenwechsler, bank
2008	Helmut	Bauer	parteilos			7	2007	Erster Direktor Bankenaufsicht	Bundesanstalt für Finanzdienstleistungsaufsicht	BAFIN	seitenwechsler, bank
2008	Helmut	Bauer	parteilos	2	2008	9	2009	Leiter der Abteilung Aufsichtsangelegenheiten / Head of Regulatory Affairs 	Deutsche Bank		seitenwechsler, bank
2008	Hildegard	Müller	CDU				2008	Staatsministerin	Bundeskanzleramt		seitenwechsler
2008	Hildegard	Müller	CDU	10	2008			Vorsitzende der Hauptgeschäftsführung	Bundesverband der Energie- und Wasserwirtschaft	BDEW	seitenwechsler, energie
2008	Jörg	Hennerkes	SPD				2008	Beamteter Staatssekretär	Bundesministerium für Verkehr, Bau und Stadtentwicklung		seitenwechsler, verkehr
2008	Jörg	Hennerkes	SPD	7	2008			Geschäftsführender Gesellschafter	Hennerkes Projektberatung GmbH		seitenwechsler
2008	Jörg	Hennerkes	SPD	6	2008	12	2010	Leiter	Kompetenzzentrum Logistik Bremen	KLB	seitenwechsler
2008	Joachim	Wuermeling	CSU				2008	Beamteter Staatssekretär	Bundesministerium für Wirtschaft und Energie	BMWI	seitenwechsler, energie
2008	Joachim	Wuermeling	CSU	11	2011			Vorstandsvorsitzender	Verband der Sparda-Banken		seitenwechsler, bank
2008	Joachim	Wuermeling	CSU	7	2008	10	2011	Mitglied der Hauptgeschäftsführung 	Gesamtverband der Deutschen Versicherungswirtschaft	GDV	seitenwechsler, versicherung
2008	Marianne	Tritz	Grüne				2008	Vorstandsreferentin	Grünen-Fraktionsvorsitzender Fritz Kuhn		seitenwechsler
2008	Marianne	Tritz	Grüne	5	2013			Geschäftsführerin	Gesamtverband Dämmstoffindustrie	GDI	seitenwechsler
2008	Marianne	Tritz	Grüne	3	2008	10	2012	Geschäftsführerin	Deutscher Zigarettenverband	DZV	seitenwechsler
2008	Martin	Jäger	parteilos			9	2008	Sprecher	Auswärtiges Amt	AA	seitenwechsler
2008	Martin	Jäger	parteilos	9	2008	8	2013	Leiter des Bereichs Global External Affairs and Public Policy	Daimler AG		seitenwechsler, auto
2008	Wolfgang	Ischinger	parteilos			4	2008	Botschafter	Deutsche Botschaft in Großbritannien	AA	seitenwechsler
2008	Wolfgang	Ischinger	parteilos	5	2008			Generalbevollmächtigter für Regierungsbeziehungen	Allianz		seitenwechsler, versicherung
2008	Wolfgang	Ischinger	parteilos	5	2008			Vorsitzender	Münchener Sicherheitskonferenz		seitenwechsler
2008	Thomas	Mirow	SPD				2007	Staatssekretär	Bundesministerium der Finanzen	BMF	seitenwechsler
2008	Thomas	Mirow	SPD	7	2008	6	2012	Präsident	Europäische Bank für Wiederaufbau und Entwicklung	EBRD	seitenwechsler, bank
2007	Werner	Schnappauf	CSU			10	2007	Staatsminister für Umwelt, Gesundheit und Verbraucherschutz	Landesregierung Bayern		seitenwechsler
2007	Werner	Schnappauf	CSU	11	2007	3	2011	Hauptgeschäftsführer	Bundesverband der Deutschen Industrie e.V.	BDI	seitenwechsler
2007	Werner	Schnappauf	CSU	1	2012			Partner und Berater	Anwaltskanzlei Graf von Westphalen		seitenwechsler
2007	Edmund	Stoiber	CSU			9	2007	Ministerpräsident	Landesregierung Bayern		seitenwechsler
2007	Edmund	Stoiber	CSU		2007			Mitglied im Aufsichtsrat	Nürnberger Versicherungsgruppe		seitenwechsler, versicherung
2007	Edmund	Stoiber	CSU		2011			Vorsitzender des Beirats	ProSiebenSat.1		seitenwechsler, fernsehen
2007	Joachim	Lang	parteilos				2007	Leiter im Bereich Koordinierung der Europapolitik	Bundesregierung		seitenwechsler
2007	Joachim	Lang	parteilos		2007			Cheflobbyist	E.ON	EON	seitenwechsler, energie
2007	Birgit	Fischer	SPD				2006	Stellvertretende Fraktionsvorsitzende	SPD-NRW	SPD	seitenwechsler
2007	Birgit	Fischer	SPD		2011			Geschäftsführerin	Verband Forschender Arzneimittelhersteller	VFA	seitenwechsler, gesundheit
2007	Birgit	Fischer	SPD		2007		2010	Stellvertretende Vorstandsvorsitzende	Barmer Ersatzkasse		seitenwechsler, gesundheit
2007	Joschka	Fischer	Grüne			9	2005	Außenminister und Vizekanzler	Bundesregierung		seitenwechsler
2007	Joschka	Fischer	Grüne		2009			Inhaber	Lobbyorganisation Joschka Fischer und Company		seitenwechsler
2007	Joschka	Fischer	Grüne		2007			Unternehmensberater			seitenwechsler
2007	Margareta	Wolf	Grüne				2005	Parlamentarische Staatssekretärin	Bundesministeriums für Umwelt, Naturschutz, Bau und Reaktorsicherheit	BMUB	seitenwechsler
2007	Margareta	Wolf	Grüne	12	2007			Unternehmensberaterin 	Deekeling Arndt Advisors	DAA	seitenwechsler
2007	Matthias	Berninger	Grüne				2007	Wirtschaftspolitischer Sprecher	Bundestagsfraktion der Grünen		seitenwechsler
2007	Matthias	Berninger	Grüne		2001		2005	Parlamentarischer Staatssekretär	Bundesministerium für Ernährung, Landwirtschaft und Verbraucherschutz	BMELV	seitenwechsler
2007	Matthias	Berninger	Grüne		2007			Leiter des Bereichs Gesundheits- und Ernährungsfragen	Mars Inc.		seitenwechsler
2007	Norbert	Schellberg	Grüne			4	2007	Vorstandsreferent	Bundestagsfraktion der Grünen		seitenwechsler
2007	Norbert	Schellberg	Grüne	5	2007			Mitarbeiter der Hauptgeschäftsführung	Verband Forschender Arzneimittelhersteller	VFA	seitenwechsler, gesundheit
2007	Volker	Halsch	SPD				2006	Beamteter Staatssekretär	Bundesministerium der Finanzen	BMF	seitenwechsler
2007	Volker	Halsch	SPD	5	2013			Head of Public Sector	Arvato AG		seitenwechsler, bertelsmann
2007	Volker	Halsch	SPD	2	2007		2013	Mitglied der Geschäftsleitung	Vivento		seitenwechsler, personaldienstleister
2007	Matthias	Wissmann	CDU			5	2007	Abgeordneter	Deutscher Bundestag		seitenwechsler
2007	Matthias	Wissmann	CDU		1993		1998	Bundesminister	Bundesministerium für Verkehr, Bau und Stadtentwicklung	BMVI	seitenwechsler, verkehr, auto
2007	Matthias	Wissmann	CDU	6	2007			Präsident	Verband der Automobilindustrie	VDA	seitenwechsler, auto
2006	Andrea	Fischer	Grüne			1	2001	Bundesministerin	Bundesministerium für Gesundheit	BMG	seitenwechsler, gesundheit
2006	Andrea	Fischer	Grüne		2006		2009	Beraterin	Pleon		seitenwechsler, pr-agentur
2006	Andrea	Fischer	Grüne		2004		2006	Mitglied des Führungsstabes	IFOK GmbH		seitenwechsler
2006	Gerhard	Schröder	SPD			11	2005	Bundeskanzler	Bundesregierung		seitenwechsler
2006	Gerhard	Schröder	SPD	3	2006			Aufsichtsratsvorsitzender	Nordstream AG		seitenwechsler, gazprom, energie
2006	Otto	Schily	SPD			10	2005	Bundesminister	Bundesministerium des Inneren	BMI	seitenwechsler
2006	Otto	Schily	SPD		2006			Inhaber	Tressa Verwaltungs- und Beteiligungsgesellschaft mbH		seitenwechsler
2006	Otto	Schily	SPD			3	2011	Aufsichtsratsmitglied und Anteilseigner	SAFE ID Solutions AG		seitenwechsler
2006	Otto	Schily	SPD			6	2009	Aufsichtsratsmitglied	Byometric Systems AG		seitenwechsler
2006	Gerald	Thalheim	SPD				2005	Parlamentarischer Staatssekretär	Bundesministerium für Ernährung, Landwirtschaft und Verbraucherschutz	BMELV	seitenwechsler
2006	Gerald	Thalheim	SPD	5	2012			Mitglied des Vorstands	Mitteldeutscher Genossenschaftsverband		seitenwechsler
2006	Gerald	Thalheim	SPD	2	2006			Agrarpolitischer Berater			seitenwechsler, landwirtschaft
2006	Peter	Ruhenstroth-Bauer	SPD				2005	Staatssekretär	Bundesministerium für Familie, Senioren, Frauen und Jugend	BMFSFJ	seitenwechsler
2006	Peter	Ruhenstroth-Bauer	SPD		2006			Inhaber	Beratungsfirma Kommunikation & Strategie		seitenwechsler
2006	Axel	Horstmann	SPD		2002		2005	Landesminister	Landesministerium für Wirtschaft, Energie, Bauen, Wohnen und Verkehr (Nordrhein-Westfalen)		seitenwechsler, energie
2006	Axel	Horstmann	SPD		2010			Partner	Beratungsgesellschaft S/E/Strategie und Ergebnisse		seitenwechsler
2006	Axel	Horstmann	SPD		2006		2010	Konzernbevollmächtigter	Energie Baden-Württemberg AG	EnBW	seitenwechsler, energie
2006	Rainer	Baake	Grüne				2005	Beamteter Staatssekretär	Bundesministeriums für Umwelt, Naturschutz, Bau und Reaktorsicherheit	BMUB	seitenwechsler
2006	Rainer	Baake	Grüne	12	2013			Beamteter Staatssekretär	Bundesministerium für Wirtschaft und Energie	BMWI	seitenwechsler, energie
2006	Rainer	Baake	Grüne	4	2012	12	2013	Direktor	Agora Energiewende		seitenwechsler, energie
2006	Rainer	Baake	Grüne	9	2006		2012	Bundesgeschäftsführer	Deutsche Umwelthilfe e.V.	DUH	seitenwechsler
2006	Tim	Arnold	CDU				2004	Leiter Unternehmenskommunikation	Random House / Bertelsmann SE		seitenwechsler, bertelsmann
2006	Tim	Arnold	CDU		2011			Senior Vice President Political Strategy	ProSiebenSat.1		seitenwechsler, fernsehen
2006	Tim	Arnold	CDU		2006		2010	Leiter	Vertretung des Landes NRW beim Bund		seitenwechsler
2006	Wolfgang	Clement	SPD			9	2005	Bundesminister	Bundesministerium für Wirtschaft und Energie	BMWI	seitenwechsler, energie
2006	Wolfgang	Clement	SPD	7	2012			Kuratoriumsvorsitzender	Initiative Neue Soziale Marktwirtschaft	INSM	seitenwechsler
2006	Wolfgang	Clement	SPD	2	2006			Aufsichtsratsmitglied	RWE Power AG	RWE	seitenwechsler, energie
2006	Wolfgang	Clement	SPD	12	2007			Berater	Deekeling Arndt Advisors	DAA	seitenwechsler
2006	Andreas	Renner	CDU			1	2006	Landesminister	Landesministerium für Arbeit und Soziales (Baden-Württemberg)		seitenwechsler
2006	Andreas	Renner	CDU		2009			Leiter der Repräsentanzen Berlin und Brüssel 	Energie Baden-Württemberg AG	EnBW	seitenwechsler, energie
2006	Andreas	Renner	CDU		2006			Konzernbevollmächtigter für regenerative Energien	Energie Baden-Württemberg AG	EnBW	seitenwechsler, energie
2005	Alfred	Tacke	SPD			4	2004	Staatssekretär	Bundesministerium für Wirtschaft und Energie	BMWI	seitenwechsler, energie
2005	Alfred	Tacke	SPD	5	2005	12	2008	Vorstandsvorsitzender	STEAG		seitenwechsler, energie
2005	Caio	Koch-Weser	parteilos			11	2005	Staatssekretär	Bundesministerium der Finanzen	BMF	seitenwechsler
2005	Caio	Koch-Weser	parteilos		2006			Berater als Vice Chairman	Deutsche Bank		seitenwechsler, bank
2005	Hans Martin	Bury	SPD			9	2005	Staatsminister für Europa	Bundesregierung		seitenwechsler
2005	Hans Martin	Bury	SPD	4	2009			Managing Partner	Hering Schuppener		seitenwechsler
2005	Hans Martin	Bury	SPD		2005	11	2008	Managing Director/Mitglied des Vorstands	Lehman Brothers		seitenwechsler, bank
2005	Jürgen	Chrobog	parteilos				2005	Staatssekretär	Auswärtiges Amt	AA	seitenwechsler
2005	Jürgen	Chrobog	parteilos	7	2005	6	2013	Vorsitzender des Vorstands	BMW Stiftung Herbert Quandt		seitenwechsler, auto
2005	Otto	Wiesheu	CSU			11	2005	Landesminister	Wirtschaftsministerium Bayern		seitenwechsler
2005	Otto	Wiesheu	CSU	1	2006	5	2009	Vorstandsmitglied Ressort Wirtschaft und Politik	Deutsche Bahn	DB	seitenwechsler, verkehr, eisenbahn
2005	Rezzo	Schlauch	Grüne				2005	Parlamentarischer Staatssekretär	Bundesministerium für Wirtschaft und Energie	BMWI	seitenwechsler, enenrgie
2005	Rezzo	Schlauch	Grüne	10	2005	12	2009	Beiratsmitglied	Energie Baden-Württemberg AG	EnBW	seitenwechsler, energie
2004	Hartmut	Meyer	SPD			9	2003	Landesminister	Landesministerium für Infrastruktur und Landesplanung		seitenwechsler, verkehr
2004	Hartmut	Meyer	SPD	1	2004	12	2004	Berater	Deutsche Bahn	DB	seitenwechsler, verkehr, eisenbahn
2003	Bruno	Thomauske	parteilos				2003		Bundesamt für Strahlenschutz	BFS	seitenwechsler, kernkraft
2003	Bruno	Thomauske	parteilos		2003	7	2007	Leiter des Geschäftsbereichs Kernkraftwerke	Vattenfall Europe AG		seitenwechsler, energie, kernkraft
2003	Werner	Müller	parteilos				2002	Bundesminister	Bundesministerium für Wirtschaft und Energie	BMWI	seitenwechsler, energie
2003	Werner	Müller	parteilos	12	2012			Vorstandsvorsitzender	RAG-Stiftung		seitenwechsler, energie, steinkohle
2003	Werner	Müller	parteilos	6	2003	12	2008	Vorstandsvorsitzender	Evonik Industries		seitenwechsler, chemie
2002	Jürgen	Heyer	SPD	7	1994	4	2002	Landesminister	Landesministerium für Landesentwicklung und Verkehr (Sachsen-Anhalt)		seitenwechsler, verkehr
2002	Jürgen	Heyer	SPD	4	2003		2007	Aufsichtsratschef	Scandlines		seitenwechsler, seefahrt
2002	Jürgen	Heyer	SPD	12	2002			Berater	Deutsche Bahn		seitenwechsler, verkehr, eisenbahn
2002	Reinhard	Klimmt	SPD	9	1999	11	2000	Bundesminister	Bundesministerium für Verkehr, Bau und Stadtentwicklung	BMVI	seitenwechsler, verkehr
2002	Reinhard	Klimmt	SPD	7	2002		2009	Beauftragter des Vorstandes für die Interessen des Unternehmens bei der französischen Regierung in Paris und bei der Europäischen Union in Brüssel	Deutsche Bahn	DB	seitenwechsler, verkehr, eisenbahn
2002	Bodo	Hombach	SPD	10	1998	7	1999	Chef des Bundeskanzleramtes	Bundeskanzleramt		seitenwechsler
2002	Bodo	Hombach	SPD	10	1998	7	1999	Bundesminister	Bundesministerium für besondere Aufgaben		seitenwechsler
2002	Bodo	Hombach	SPD	7	1999	12	2001	EU-Sonderkoordinator für den Stabilitätspakt in Südosteuropa	Europäische Union	EU	seitenwechsler
2002	Bodo	Hombach	SPD	2	2002	1	2012	Geschäftsführer	Westdeutsche Allgemeine Zeitung	WAZ	seitenwechsler
2000	Gunda	Röstel	Grüne				2000	Parteivorsitzende	Grüne		seitenwechsler
2000	Gunda	Röstel	Grüne	10	2000			Prokuristin	Gelsenwasser AG		seitenwechsler, wasser, energie
2000	Gunda	Röstel	Grüne	10	2000			Aufsichtsratsmitglied	Energie Baden-Württemberg AG	EnBW	seitenwechsler, energie
2000	Günter	Rexrodt	FDP			10	1998	Bundesminister	Bundesministerium für Wirtschaft und Energie	BMWI	seitenwechsler, energie
2000	Günter	Rexrodt	FDP	10	2000	8	2004	Vorstand	WMP Eurocom AG		seitenwechsler
1992	Ludwig-Holger	Pfahls	CSU			2	1992	Staatssekretär für Rüstungskontrolle	Bundesregierung		seitenwechsler
1992	Ludwig-Holger	Pfahls	CSU	3	1992	6	1992	Berater	Daimler AG		seitenwechsler, auto
1992	Ludwig-Holger	Pfahls	CSU	7	1992	10	1999	Manager Daimler Benz AG Belgien und Südostasien	Daimler AG		seitenwechsler, auto
1991	Lothar	Späth	CDU			1	1991	Ministerpräsident	Landesregierung Baden-Württemberg		seitenwechsler
1991	Lothar	Späth	CDU	6	1991	6	2003	Leitung	Jenoptik		seitenwechsler